sample_id,split,stage,point,x,y,z
train_00000,train,0,A1,-850.0253648710694,9.971514725980825,10.010833915674846
train_00000,train,0,A2,-650.0091310276187,9.985916625330612,9.973416012911864
train_00000,train,0,A3,-649.9631321739986,89.93576060769017,9.98704074861256
train_00000,train,0,B1,-100.01669255538411,-40.03179219547419,-0.044650875361845845
train_00000,train,0,B2,99.98897979195488,-39.984837927095555,-0.05621803298727482
train_00000,train,0,B3,99.99996398328639,40.046893258202886,0.01563541564218264
train_00000,train,0,C1,649.9939557273104,-90.015236508064,-10.007146495664962
train_00000,train,0,C2,849.9924640025378,-89.97258106081952,-10.01520989327286
train_00000,train,0,C3,850.0390978444694,-9.98636608211003,-10.014631397025482
train_00000,train,1,A1,-749.9802343003207,-19.97227514389196,0.0074531183713536925
train_00000,train,1,A2,-549.9463295531057,-19.948195493871186,0.10004837169661461
train_00000,train,1,A3,-550.077922670621,60.00840349244625,0.04982435408211071
train_00000,train,1,B1,-99.99716670017594,-39.957271617893255,0.011862195197324281
train_00000,train,1,B2,100.00164224308715,-39.908152172014645,0.12316905032345664
train_00000,train,1,B3,100.01901158345967,39.98396290212267,0.005305265918868554
train_00000,train,1,C1,550.057532988338,-59.98198181986626,0.09516823422271775
train_00000,train,1,C2,749.9857405744284,-60.004296312910306,-0.0046815893804726255
train_00000,train,1,C3,750.0066089444224,19.982497584216183,0.03832182214836047
train_00000,train,2,A1,-600.0015185320527,-39.92645066159108,-0.21105029510632875
train_00000,train,2,A2,-400.00708598697554,-39.97133700660918,-0.22351702084575564
train_00000,train,2,A3,-399.9836900181451,40.096643146562975,-0.3031747174960316
train_00000,train,2,B1,-100.05009017471778,-40.00073596622266,0.07089389835487248
train_00000,train,2,B2,99.97792251235309,-39.99262406154249,-0.010374520075151779
train_00000,train,2,B3,100.00183584729905,39.98769817866447,-0.004158525499658283
train_00000,train,2,C1,549.9991064707853,-59.95871788833108,0.01944605280066963
train_00000,train,2,C2,750.0420715943844,-59.965694216135425,-0.006526086634285007
train_00000,train,2,C3,750.0033867191657,20.046278650518563,0.02241476676023578
train_00000,train,3,A1,-599.9858102852759,-39.988992321521955,-0.2559135523490057
train_00000,train,3,A2,-399.921997668141,-39.94560902418117,-0.2204883048256163
train_00000,train,3,A3,-399.9986800880179,40.06989727647495,-0.2609846596643891
train_00000,train,3,B1,-99.9873833956338,-40.01144823197677,0.04582407504765222
train_00000,train,3,B2,99.95979528144505,-39.96181483831303,0.01511058593766101
train_00000,train,3,B3,100.03934731334748,39.97652278934292,-0.10105163232252758
train_00000,train,3,C1,399.98430562988693,-40.038828570293234,-0.11054199114365232
train_00000,train,3,C2,599.9416849932246,-40.13592106036759,-0.20563140567267824
train_00000,train,3,C3,599.9633115840874,39.975481273526725,-0.1729525018091314
train_00000,train,4,A1,49.96975832910004,-580.0163874369964,29.955747750011405
train_00000,train,4,A2,49.96727238760616,-379.9989796119761,29.976544452899216
train_00000,train,4,A3,-30.052251254342476,-380.0588878372353,29.941386581380137
train_00000,train,4,B1,49.98820751316929,-79.97829619742836,30.23417744765196
train_00000,train,4,B2,49.965609927941784,119.96618068046348,30.12648683306606
train_00000,train,4,B3,-29.93889115484542,120.10606075827813,30.089694539003926
train_00000,train,4,C1,50.06452253615083,419.988499812766,29.980607590406684
train_00000,train,4,C2,49.98970989534027,619.9586552092536,29.92325656375412
train_00000,train,4,C3,-29.990945823682555,619.9654537407126,30.029269178795335
train_00001,train,0,A1,-850.0606031936262,10.030020222884763,9.969132978524062
train_00001,train,0,A2,-649.9948377919064,10.022941285355026,10.076486012043116
train_00001,train,0,A3,-650.0166863754002,89.93995000031742,10.023463233215137
train_00001,train,0,B1,-99.99796440222602,-40.0442750034423,0.011841588724956907
train_00001,train,0,B2,99.9937315864607,-40.02456365315117,-0.05215416500859769
train_00001,train,0,B3,100.0130964504046,39.93410972632075,-0.03275189765675697
train_00001,train,0,C1,650.017625277231,-90.00258849067508,-10.041657964437464
train_00001,train,0,C2,849.9521649679265,-90.04099240782216,-10.017593820491296
train_00001,train,0,C3,849.9239324859368,-9.993455793581527,-9.97296914499257
train_00001,train,1,A1,-749.959110655107,-20.006601608588635,0.03768110911480993
train_00001,train,1,A2,-549.9735081238413,-19.96475303527589,-0.051704698951846324
train_00001,train,1,A3,-549.992960422765,60.048801955501744,-0.00028156227362849916
train_00001,train,1,B1,-100.05066371641385,-39.94738447844065,-0.022688840570920167
train_00001,train,1,B2,100.03702654959898,-39.98108117435815,0.007165951827268112
train_00001,train,1,B3,99.9900821416775,40.04280713531157,0.014328905311153398
train_00001,train,1,C1,550.0361312506518,-60.019559571527594,0.05558290046785025
train_00001,train,1,C2,750.0423593380386,-60.01565437991536,0.05660253777017433
train_00001,train,1,C3,750.1305026262572,19.987953676928615,0.01927584337790951
train_00001,train,2,A1,-599.9756501878636,-39.94408813271155,-0.1426537720750142
train_00001,train,2,A2,-400.0305035108015,-39.98756925713284,-0.15132616809642196
train_00001,train,2,A3,-399.95829578436457,40.04953215075404,-0.056903127426568854
train_00001,train,2,B1,-100.13636644446876,-39.919499210353024,0.015117644876797513
train_00001,train,2,B2,100.02093113493284,-39.96706322528652,0.04940981049521472
train_00001,train,2,B3,100.04558429377774,40.008244269817126,0.011209749964180345
train_00001,train,2,C1,550.0593453382648,-59.95618985896887,0.010288171365491454
train_00001,train,2,C2,750.0631855980207,-59.99807847710037,-0.00014997025650571438
train_00001,train,2,C3,750.0685112641123,20.010436868399992,-0.037859564361253095
train_00001,train,3,A1,-599.9406102732377,-39.90016713359651,-0.07767961674656386
train_00001,train,3,A2,-400.0010316003162,-39.979207598423635,-0.19195611023191336
train_00001,train,3,A3,-400.0039433508315,40.11032854375386,-0.05616605720956974
train_00001,train,3,B1,-100.05245253671256,-39.868941938873654,-0.00840386989583054
train_00001,train,3,B2,100.01520049561172,-39.9031124897146,0.09024866874984445
train_00001,train,3,B3,100.00612256073046,39.94785963225314,0.05794110899789691
train_00001,train,3,C1,399.9916653055803,-40.09714102732695,0.02882489148448099
train_00001,train,3,C2,599.9014482072797,-40.199218796472955,0.07905714582239377
train_00001,train,3,C3,600.0486595455615,39.80332197666251,0.11845143963414438
train_00001,train,4,A1,50.110087542483406,-579.8819804783011,30.066330786638847
train_00001,train,4,A2,50.14977574247195,-379.9453239609632,29.927299682296642
train_00001,train,4,A3,-30.04543728889905,-379.9941679365965,30.02758741380722
train_00001,train,4,B1,50.02002348072689,-80.11192390742825,30.03800927844797
train_00001,train,4,B2,49.94286069677858,119.99573019414032,30.030751231842313
train_00001,train,4,B3,-29.938775496098966,120.05526935901504,29.985856494792717
train_00001,train,4,C1,49.98382100008635,419.9596790309751,29.950323598814524
train_00001,train,4,C2,50.155143834341,619.8574030841852,30.05291991925179
train_00001,train,4,C3,-29.938759298700617,620.0406505067305,29.95990676420545
train_00002,train,0,A1,-850.0042103406666,10.020464012977305,10.038713469266177
train_00002,train,0,A2,-649.9733634297811,9.99304782185644,9.991553518414886
train_00002,train,0,A3,-650.0581866383995,89.9840521937254,10.069901834623392
train_00002,train,0,B1,-100.00138346637686,-39.96707683124278,0.020090281323653144
train_00002,train,0,B2,100.03203388298886,-39.94575471092904,0.017310956164032644
train_00002,train,0,B3,100.00426054199691,40.01940107063201,-0.015535819474979192
train_00002,train,0,C1,650.0041703998155,-90.01255900935094,-9.991157184026568
train_00002,train,0,C2,849.9856234733676,-89.98064566807732,-9.992779506822929
train_00002,train,0,C3,850.0141798269935,-10.024440877344752,-9.993807514805045
train_00002,train,1,A1,-750.0300590381307,-19.980542958125334,-0.04699883049667551
train_00002,train,1,A2,-549.9927773332515,-19.99833533500308,0.03950805359834258
train_00002,train,1,A3,-550.0072280368144,60.02636246456052,-0.09683919926199609
train_00002,train,1,B1,-100.02848325587588,-40.05424002442397,-0.06051740111211988
train_00002,train,1,B2,100.03764412239887,-39.9957905968976,-0.0013929394740697203
train_00002,train,1,B3,100.00152134843134,39.984391549827436,0.05176214978503203
train_00002,train,1,C1,549.9989656202636,-60.01466938694006,-0.011176103265648305
train_00002,train,1,C2,749.9762063639092,-59.97197853707852,0.055577486207327984
train_00002,train,1,C3,750.0480422928713,20.049263107678435,0.023331320039105014
train_00002,train,2,A1,-599.9897237927781,-40.19237329306197,-0.2374816933816287
train_00002,train,2,A2,-399.9119657626523,-40.14778757163381,-0.1860365928060408
train_00002,train,2,A3,-399.9909961335203,39.892439694199126,-0.1386130718642682
train_00002,train,2,B1,-100.01958978274115,-40.0746935004616,-0.05444290334514022
train_00002,train,2,B2,100.0248332533643,-40.02528016196087,-0.07103966783348711
train_00002,train,2,B3,99.96018442249097,39.96112194908953,0.03183854943389937
train_00002,train,2,C1,550.0068598840761,-59.960759745842786,0.004018023283767519
train_00002,train,2,C2,750.06941665812,-59.98802177419741,0.09559895822544129
train_00002,train,2,C3,750.0088419278701,20.017628720809622,-0.013035219012475686
train_00002,train,3,A1,-600.0660341492973,-40.147714578473796,-0.19108139362186505
train_00002,train,3,A2,-399.94208005014036,-40.151906756475825,-0.1884230629711504
train_00002,train,3,A3,-400.0192890601925,39.89702517913396,-0.042136240110218
train_00002,train,3,B1,-100.0142234351989,-40.020408260901924,-0.002175739105020641
train_00002,train,3,B2,100.00837992266183,-39.983163353789195,-0.04757326890806568
train_00002,train,3,B3,99.9715642903423,39.97443588659294,0.05811107388243924
train_00002,train,3,C1,399.9785982761256,-39.86135298770882,-0.15039204644599957
train_00002,train,3,C2,599.9334524030609,-39.92513385892735,-0.16867338005483118
train_00002,train,3,C3,599.97625675183,40.031033208589,0.039496126844270237
train_00002,train,4,A1,50.00496008838382,-579.9738193374042,29.960962119768038
train_00002,train,4,A2,50.052799870571064,-379.89516937077644,29.953011936518106
train_00002,train,4,A3,-30.015057261616885,-379.97040364843076,29.90512966718067
train_00002,train,4,B1,49.943137491918264,-80.00175821093144,30.069709199792207
train_00002,train,4,B2,50.01172037648697,120.03536984956789,30.045215910677946
train_00002,train,4,B3,-30.008227503853377,119.96814808197631,29.982235426727765
train_00002,train,4,C1,50.01179489748926,419.9791429058831,29.940949751540796
train_00002,train,4,C2,49.987576612252305,620.043947116515,29.99010383689419
train_00002,train,4,C3,-29.925660446218117,619.9523084295431,29.913021139695008
train_00003,train,0,A1,-849.9621220387803,9.986219635318013,10.042344198147639
train_00003,train,0,A2,-650.0268884042716,10.001510144065062,10.045811554926994
train_00003,train,0,A3,-649.989541664269,90.01564813057233,10.002445879579808
train_00003,train,0,B1,-100.00511310057855,-39.97564785294073,0.021929156867003252
train_00003,train,0,B2,100.01144524225587,-40.00212758649826,0.046828437728590036
train_00003,train,0,B3,99.99196921204172,40.01315190978078,0.039401662329661295
train_00003,train,0,C1,649.9881207501849,-90.05344784762367,-10.003328675503681
train_00003,train,0,C2,850.0057095132411,-90.0142204468091,-10.001594423560341
train_00003,train,0,C3,849.9792655131394,-9.972336972265527,-9.998043689276171
train_00003,train,1,A1,-750.0320357449569,-19.992373223450052,-0.048284045890561234
train_00003,train,1,A2,-549.9984554066059,-20.04913982903485,-0.04905754497475415
train_00003,train,1,A3,-549.9874095788425,59.99482883577005,-0.053775201510946655
train_00003,train,1,B1,-99.98601809073887,-40.071230826460976,-0.06224879265005749
train_00003,train,1,B2,99.95433821452275,-40.03076972277917,-0.11269051452896033
train_00003,train,1,B3,99.97817548874671,40.003643533774344,-0.08155463860486542
train_00003,train,1,C1,549.9742452064112,-59.94393115267647,0.026319371100389934
train_00003,train,1,C2,750.0465226738127,-59.97767178655393,-0.00295070323155619
train_00003,train,1,C3,749.9523662288702,20.020997377757208,0.05456621238509756
train_00003,train,2,A1,-600.016412258955,-40.21587380067684,0.15487351658314857
train_00003,train,2,A2,-400.04027719272176,-40.13700568470824,0.02300433578283131
train_00003,train,2,A3,-400.11587932708784,39.84110222173484,0.03850277896244763
train_00003,train,2,B1,-100.09364962762976,-40.010078610396,0.039232206455764675
train_00003,train,2,B2,99.96104764722233,-40.023562998979884,-0.014504295137629818
train_00003,train,2,B3,100.00268485384478,39.99610645459731,-0.03891561168818207
train_00003,train,2,C1,549.976121372376,-59.953936081454074,0.04449490351632955
train_00003,train,2,C2,750.0095375172497,-59.97864993232174,-0.04927301059485359
train_00003,train,2,C3,750.021298647141,20.060478669276506,-0.05024218803965972
train_00003,train,3,A1,-599.9987647025854,-40.25229041638875,0.10121561641044537
train_00003,train,3,A2,-400.0390688063782,-40.14710610972025,0.01642967108838956
train_00003,train,3,A3,-399.9945876683956,39.80492344725201,0.05648016598775782
train_00003,train,3,B1,-100.05903083600228,-40.104067581645914,0.023345747162574114
train_00003,train,3,B2,99.98394405204547,-40.014154503782265,-0.06624009601741813
train_00003,train,3,B3,99.97210789859885,40.05525935232191,-0.006620315175365717
train_00003,train,3,C1,399.9699398198406,-40.12532326005669,-0.12561500424895514
train_00003,train,3,C2,599.9444047700682,-40.13716392639873,-0.14421081961449547
train_00003,train,3,C3,599.9127297392321,39.861856598622325,-0.11307774314465902
train_00003,train,4,A1,50.04089987569775,-579.9655207644751,30.042862856343312
train_00003,train,4,A2,50.06743485302335,-380.07215527525307,30.068535985564107
train_00003,train,4,A3,-30.012112892407675,-380.01361319953264,29.936121591809318
train_00003,train,4,B1,49.98517411298398,-80.0408775187105,29.975839626812604
train_00003,train,4,B2,49.94263043638836,119.97184143130389,30.028672985639666
train_00003,train,4,B3,-30.125716799421284,120.08210278965022,29.939816937785302
train_00003,train,4,C1,50.00443963978203,419.93609846650526,30.013223591041307
train_00003,train,4,C2,50.10816711255433,620.0357261292352,29.97239599825743
train_00003,train,4,C3,-29.912470795431393,619.9638738687371,30.022550954436912
train_00004,train,0,A1,-850.0262792016484,9.987821637893626,9.979816622484092
train_00004,train,0,A2,-650.0092904469004,9.98093312382222,9.94994804375226
train_00004,train,0,A3,-649.9638420608817,89.94904770396539,10.046053565280232
train_00004,train,0,B1,-100.00135334573095,-39.92438595001339,0.0030039974954568388
train_00004,train,0,B2,100.05134779392212,-40.03111852766931,-0.0028385027904231754
train_00004,train,0,B3,99.98443402308133,39.98675636442293,0.002534946011155475
train_00004,train,0,C1,649.9924029641519,-89.99074687316573,-9.966823803750868
train_00004,train,0,C2,850.0464211999914,-90.05250594104814,-9.993396432781728
train_00004,train,0,C3,850.0150542814725,-9.974807632844282,-10.025534276181954
train_00004,train,1,A1,-749.9852586466048,-19.990901250551406,0.025856174180029667
train_00004,train,1,A2,-550.0076490231696,-19.928814041032865,0.05459790043479981
train_00004,train,1,A3,-550.0229970762114,60.07275656050524,0.009583946370863461
train_00004,train,1,B1,-100.00301116210296,-39.96936741426581,0.020139233819102677
train_00004,train,1,B2,99.99342062337529,-39.943499068242886,0.0023671645128384086
train_00004,train,1,B3,99.96592100815941,40.00515888616078,-0.01838456426822862
train_00004,train,1,C1,549.9976496872687,-60.02255126690789,-0.05477556160103102
train_00004,train,1,C2,750.0063244663532,-59.987696928636836,-0.020477244878383562
train_00004,train,1,C3,749.9502196112118,20.10948677829455,0.053698880558018004
train_00004,train,2,A1,-600.034237383541,-39.986004452080216,0.05755999573047541
train_00004,train,2,A2,-400.02078747924367,-40.005442488975774,0.0340036814378544
train_00004,train,2,A3,-400.0094480743967,39.98739427026769,-0.03926435315526886
train_00004,train,2,B1,-100.03400537449069,-40.01140897194512,-0.0024075392920655282
train_00004,train,2,B2,99.9894017244088,-40.01917420360691,-0.027590328743857175
train_00004,train,2,B3,100.03216693608782,40.07223584740057,0.06491207507130599
train_00004,train,2,C1,550.0356302606064,-60.05210167408042,-0.08958331436433371
train_00004,train,2,C2,750.0259721356354,-60.02668511931289,-0.020222661276916985
train_00004,train,2,C3,749.9601751464096,19.999963549838935,0.07391338096089467
train_00004,train,3,A1,-600.0121338502526,-39.98223563971772,0.08068385483714062
train_00004,train,3,A2,-400.07167757380574,-39.95748738155046,0.009065923937025752
train_00004,train,3,A3,-400.00588215717636,39.98879380449237,-0.05460601675512012
train_00004,train,3,B1,-100.08149655613161,-40.074909771077586,0.029631616849545468
train_00004,train,3,B2,100.03856923489748,-40.0019582248445,0.04797497060940008
train_00004,train,3,B3,99.92474473360825,40.045869479464606,0.03743726016197236
train_00004,train,3,C1,399.93276341642246,-39.876593260737344,-0.14588389431424748
train_00004,train,3,C2,599.9970829092765,-39.95342241965182,-0.031873284514232714
train_00004,train,3,C3,599.9639643813787,40.10380572140204,-0.0490427869751934
train_00004,train,4,A1,49.87835139316129,-580.0274726857475,30.043849406829523
train_00004,train,4,A2,50.051729646389774,-380.04140218224927,29.9842673979009
train_00004,train,4,A3,-30.056139875853027,-379.9404081448326,29.927083824708774
train_00004,train,4,B1,50.053895527668,-80.02302935425011,30.03189802143168
train_00004,train,4,B2,50.08273522285694,120.05129718226858,30.099993218528674
train_00004,train,4,B3,-29.96568322324809,120.00856493224109,30.00334285022232
train_00004,train,4,C1,50.04172665138923,420.0559569950154,29.90764230825981
train_00004,train,4,C2,50.07346584146845,620.0140607963759,29.950332342050267
train_00004,train,4,C3,-29.971639088370583,619.9915292501012,29.971930962955685
train_00005,train,0,A1,-849.9903942818299,10.015258971748452,10.054998397346784
train_00005,train,0,A2,-649.9785112251438,9.986168075990989,9.986945719048885
train_00005,train,0,A3,-649.9844246740242,89.98902414365953,9.994722548997155
train_00005,train,0,B1,-100.02687055732886,-40.026018403405736,0.01068015822279732
train_00005,train,0,B2,100.00688523977932,-40.02666674029769,0.01514737437423839
train_00005,train,0,B3,100.02194416498696,40.04419073941926,0.0022328550379594764
train_00005,train,0,C1,649.985318400968,-90.01663909899237,-9.978705054157022
train_00005,train,0,C2,849.9671232414764,-89.99571100387836,-9.950061797393037
train_00005,train,0,C3,850.0246083443114,-10.033157800216342,-9.952557326563651
train_00005,train,1,A1,-750.0156269544668,-20.0257074246061,-0.07173995437113134
train_00005,train,1,A2,-549.9857080349523,-20.001447312660765,-0.0005458494814214662
train_00005,train,1,A3,-550.0739313570202,60.03829735497659,0.0007920526120320168
train_00005,train,1,B1,-100.02514092147644,-39.97602222267746,-0.04828359844151898
train_00005,train,1,B2,99.97001590058888,-40.02880787729411,0.012964177999890254
train_00005,train,1,B3,99.97913656296558,40.00262482593331,-0.04786565815470047
train_00005,train,1,C1,549.9696458991779,-59.96717685071049,-0.03956374578545837
train_00005,train,1,C2,750.0387154162996,-60.06337898642547,-0.030837156012132654
train_00005,train,1,C3,749.9878450674961,19.99306566167788,-0.12488379831677454
train_00005,train,2,A1,-600.0599541750496,-39.79938288656145,-0.14934576270777256
train_00005,train,2,A2,-400.0267650706714,-39.959556906960934,-0.17947092163308861
train_00005,train,2,A3,-400.08155330977553,40.111561153438615,-0.13148571427984337
train_00005,train,2,B1,-100.03171745481853,-39.87201911776325,-0.02102382358397211
train_00005,train,2,B2,99.99746726677034,-40.02992037738953,0.049700276547407295
train_00005,train,2,B3,100.05922254298402,40.01670817870355,0.016371894057184765
train_00005,train,2,C1,550.0091936113465,-60.026784603993356,0.0002549324401261571
train_00005,train,2,C2,750.0252948236176,-60.0001791225094,-0.056363722477720084
train_00005,train,2,C3,749.9644668602159,19.99323776901047,-0.003515225388803847
train_00005,train,3,A1,-600.0356505235203,-39.8662126934966,-0.221245197422026
train_00005,train,3,A2,-400.04908941830683,-39.939469199005515,-0.14435793457347887
train_00005,train,3,A3,-400.0672204768642,40.0484949439923,-0.24953802232719421
train_00005,train,3,B1,-100.01273081791769,-39.971570239593106,-0.04965801769213622
train_00005,train,3,B2,99.91504890352361,-40.032625131722384,0.036276719311456984
train_00005,train,3,B3,99.98327316154919,39.99879640670984,0.0007612125297503936
train_00005,train,3,C1,400.01607883344695,-40.16822047709854,0.11972750949732147
train_00005,train,3,C2,600.106821384609,-40.34810115656912,0.20127773812907165
train_00005,train,3,C3,600.0118787347059,39.61907059590557,0.14184317838515856
train_00005,train,4,A1,50.050688747226125,-579.9593686804078,30.009287548585483
train_00005,train,4,A2,50.0204171897995,-379.96508967460665,29.9663658889296
train_00005,train,4,A3,-29.961472686023978,-380.0768524899281,29.930035171344706
train_00005,train,4,B1,49.93114060640942,-79.9778859036511,29.997639903293436
train_00005,train,4,B2,49.90904737969604,119.99079494626714,29.96649932728555
train_00005,train,4,B3,-30.08747242712545,120.00894074921293,30.002853446229846
train_00005,train,4,C1,50.0224599301741,419.9694087236742,29.893901643052708
train_00005,train,4,C2,50.10800182476375,620.0135835734623,29.99737260376811
train_00005,train,4,C3,-29.89704093137688,620.0442370574976,29.927496737729612
calibration_00000,calibration,0,A1,-850.0136341271863,9.988216317806842,10.032314506866932
calibration_00000,calibration,0,A2,-650.0257419421333,9.961637773731173,9.976193308079592
calibration_00000,calibration,0,A3,-649.9679595228444,89.9566557319858,9.989575865529522
calibration_00000,calibration,0,B1,-99.99817750616512,-39.99713353164858,0.05897659391613313
calibration_00000,calibration,0,B2,99.98529434626914,-40.00619304083673,0.06437775383252908
calibration_00000,calibration,0,B3,100.03630099865391,39.957884018850386,-0.04258811680552696
calibration_00000,calibration,0,C1,649.9825121894828,-89.97893920800949,-10.067825986072014
calibration_00000,calibration,0,C2,849.9804159472754,-90.00480630030172,-9.960531605854129
calibration_00000,calibration,0,C3,850.0291803952553,-10.043277043642563,-10.015117585004921
calibration_00000,calibration,1,A1,-749.9895631885388,-20.010227133168666,-0.03125484060092675
calibration_00000,calibration,1,A2,-550.0137396049449,-19.91122828649187,-0.014922901096560852
calibration_00000,calibration,1,A3,-550.0069671646852,60.063016035861565,0.03315033976497425
calibration_00000,calibration,1,B1,-100.00190530904756,-40.05621481708244,-0.05161202988314599
calibration_00000,calibration,1,B2,99.9909611784575,-39.98125714326527,-0.0712106421342828
calibration_00000,calibration,1,B3,100.02678852724165,39.97864908261847,0.07254489639492229
calibration_00000,calibration,1,C1,550.0805925003893,-60.0060605494107,0.13277046178135565
calibration_00000,calibration,1,C2,749.9774600455806,-59.94252417237142,-0.06842963271311006
calibration_00000,calibration,1,C3,750.0162112273997,20.027380931092456,0.0032119412329931277
calibration_00000,calibration,2,A1,-599.9545903790078,-40.152771333771135,-0.014469040205971707
calibration_00000,calibration,2,A2,-400.0552237869699,-40.07344814673752,0.021178318527547858
calibration_00000,calibration,2,A3,-399.96777171564685,39.93590697530173,0.09480058275754685
calibration_00000,calibration,2,B1,-100.0097114223997,-40.10448253549238,-0.004462733132789217
calibration_00000,calibration,2,B2,99.940462088554,-39.92740886920947,-0.12209271994638651
calibration_00000,calibration,2,B3,99.93950324041958,39.970902390656704,0.08431514085991483
calibration_00000,calibration,2,C1,549.9974643061267,-60.07259434010293,0.07949717860694157
calibration_00000,calibration,2,C2,749.943582339984,-59.97335742999465,-0.06276089853998268
calibration_00000,calibration,2,C3,750.0403849776378,20.034240954053647,-0.009160688701877544
calibration_00000,calibration,3,A1,-599.9622811044203,-40.154904566181656,-0.004197178097102912
calibration_00000,calibration,3,A2,-400.05833084202754,-40.12557374132221,0.0014602510670087138
calibration_00000,calibration,3,A3,-400.0038326153295,39.86655588922795,0.2007667109459061
calibration_00000,calibration,3,B1,-100.04659176709097,-40.06436295826395,-0.03385834926142076
calibration_00000,calibration,3,B2,99.92353610475341,-39.90896586320644,-0.043135217597826514
calibration_00000,calibration,3,B3,100.03792224370109,39.997011388842196,0.09585364904743873
calibration_00000,calibration,3,C1,399.9621661144824,-39.79864954522544,-0.25990663529393054
calibration_00000,calibration,3,C2,599.9005677775524,-39.60722723054554,-0.3777038128374964
calibration_00000,calibration,3,C3,599.9839044264759,40.311163583941365,-0.18797227209555184
calibration_00000,calibration,4,A1,49.89299473319751,-579.9045048363714,29.956949515330056
calibration_00000,calibration,4,A2,50.0103531178147,-380.0608331611759,29.95203986040386
calibration_00000,calibration,4,A3,-29.979303048035206,-379.91385413523295,29.94374849980334
calibration_00000,calibration,4,B1,49.99735271774238,-79.905182662702,30.061488624049343
calibration_00000,calibration,4,B2,50.03057472833135,119.96156757321731,30.026452043457084
calibration_00000,calibration,4,B3,-29.89096064093747,120.06570129192355,30.012705625588726
calibration_00000,calibration,4,C1,50.054222735485496,420.0152669085673,29.888157709994957
calibration_00000,calibration,4,C2,49.95966282243892,620.0090135674521,29.952159359509313
calibration_00000,calibration,4,C3,-30.059398934249632,620.0060738487401,29.889420270236084
calibration_00001,calibration,0,A1,-849.978691350184,10.002357931454483,10.00240168572376
calibration_00001,calibration,0,A2,-649.9878643214122,10.05689422128642,9.96672692750561
calibration_00001,calibration,0,A3,-650.01327393176,90.03961071760881,10.015610692331606
calibration_00001,calibration,0,B1,-100.00085145369566,-39.974479983953195,0.01369259271192597
calibration_00001,calibration,0,B2,100.03442673024911,-39.98547965002634,0.019199638938493867
calibration_00001,calibration,0,B3,99.93863098077463,39.97805261252524,-0.0060479677073572045
calibration_00001,calibration,0,C1,649.9594554738396,-89.97170180481896,-10.01456195625911
calibration_00001,calibration,0,C2,849.9842238944586,-89.96971101945803,-10.017313232011963
calibration_00001,calibration,0,C3,850.0172655398553,-10.016713546346558,-10.00334206216449
calibration_00001,calibration,1,A1,-749.9933494792496,-20.03432880962806,-0.012250604451687054
calibration_00001,calibration,1,A2,-550.0633543798533,-20.052528247701968,0.05248110668301818
calibration_00001,calibration,1,A3,-549.9798295545166,59.911647761350245,0.01746999425870509
calibration_00001,calibration,1,B1,-99.99125629989567,-39.95459721786627,0.0331759802308288
calibration_00001,calibration,1,B2,99.95623357317103,-40.02410942857511,-0.026963194026558363
calibration_00001,calibration,1,B3,100.00922182508873,40.01357427603618,0.021182705276935304
calibration_00001,calibration,1,C1,549.9568975196703,-60.03766147832533,0.043670443147826754
calibration_00001,calibration,1,C2,750.0282658637012,-60.02842963702621,0.062395507744014075
calibration_00001,calibration,1,C3,749.9372043847906,19.962940036542058,-0.043045600769649944
calibration_00001,calibration,2,A1,-599.9763294130012,-39.77179611670363,0.25901089027607205
calibration_00001,calibration,2,A2,-400.01731211497724,-39.83958974088476,0.13639712303845422
calibration_00001,calibration,2,A3,-399.95487646973726,40.170350113444854,0.21735923055771525
calibration_00001,calibration,2,B1,-99.96892938337164,-40.01955088038326,-0.0021697531134940197
calibration_00001,calibration,2,B2,99.93376506527039,-40.01226192009672,-0.02727428559001136
calibration_00001,calibration,2,B3,100.01537095412463,40.04075302264224,-0.028392247302150744
calibration_00001,calibration,2,C1,549.9187143582285,-60.036704308949126,0.015986418000602496
calibration_00001,calibration,2,C2,749.9997962293531,-59.979582189353835,0.012515871759600544
calibration_00001,calibration,2,C3,749.9781428226796,19.973877842246413,0.026033077479438994
calibration_00001,calibration,3,A1,-599.9937599106056,-39.77145890860855,0.21063067574079247
calibration_00001,calibration,3,A2,-400.0458579805732,-39.822579036615615,0.05577335072284345
calibration_00001,calibration,3,A3,-400.0125861779169,40.11236523508234,0.13990502639815786
calibration_00001,calibration,3,B1,-99.94850879660979,-40.006167343885025,0.07008238851606449
calibration_00001,calibration,3,B2,99.95702575962787,-40.00311545563395,-0.04655901481574895
calibration_00001,calibration,3,B3,99.95480410733403,40.02080577159302,-0.004017150310444782
calibration_00001,calibration,3,C1,399.9841572567408,-39.95744009062365,-0.08754522592460348
calibration_00001,calibration,3,C2,600.0438492496215,-39.90629753607375,-0.06632552672840425
calibration_00001,calibration,3,C3,599.9759958306594,40.02116069566898,-0.07597524015187246
calibration_00001,calibration,4,A1,49.86129481603422,-579.9961914005855,30.09757579345396
calibration_00001,calibration,4,A2,50.00759737959732,-380.08184704575456,29.96677472264515
calibration_00001,calibration,4,A3,-30.051852309633382,-379.9839440954637,29.97827453338774
calibration_00001,calibration,4,B1,50.09423150586002,-79.96990370131277,29.92156208893194
calibration_00001,calibration,4,B2,50.05507557615703,119.96491661999796,30.017049341802778
calibration_00001,calibration,4,B3,-29.95333776927867,120.00553043297842,30.047277582886487
calibration_00001,calibration,4,C1,49.95346713919883,419.9616817329847,29.95500321509002
calibration_00001,calibration,4,C2,49.97825796273326,620.0431960997182,30.021361390076777
calibration_00001,calibration,4,C3,-29.949992341411612,619.9558377640441,29.986143987108917
calibration_00002,calibration,0,A1,-850.0038384530849,9.973443797651896,9.995045582114962
calibration_00002,calibration,0,A2,-650.00865805458,10.005803391193856,10.001615600760184
calibration_00002,calibration,0,A3,-650.0671162411921,90.01244745778526,9.987342926414712
calibration_00002,calibration,0,B1,-100.03381008966286,-40.01475465961241,0.08836766085393097
calibration_00002,calibration,0,B2,100.01927323699313,-39.96693054821403,-0.012225615139147225
calibration_00002,calibration,0,B3,99.97833367841467,40.009975012140494,0.0052505596233872265
calibration_00002,calibration,0,C1,650.0188741655458,-90.00604216530238,-9.998325551004255
calibration_00002,calibration,0,C2,850.011475981473,-90.02340025923827,-9.977132965209957
calibration_00002,calibration,0,C3,850.0371455844581,-10.018115171497879,-9.96711312618122
calibration_00002,calibration,1,A1,-749.9417599732373,-19.962291264212162,0.012930418962761779
calibration_00002,calibration,1,A2,-549.9407686594725,-20.004475891061144,0.028183879062513503
calibration_00002,calibration,1,A3,-550.0044183024227,59.95182049182623,-0.05466682667985942
calibration_00002,calibration,1,B1,-99.9455545492009,-40.06228133881843,-0.06976747191512278
calibration_00002,calibration,1,B2,99.98242255188869,-39.99618700758831,0.016619541351335546
calibration_00002,calibration,1,B3,100.0492962474118,39.982241940241444,0.021853530107061238
calibration_00002,calibration,1,C1,549.942968073489,-59.99712334231856,-0.008412502680362716
calibration_00002,calibration,1,C2,750.0187199713099,-60.01671646576232,-0.0008659544908158545
calibration_00002,calibration,1,C3,749.9623392184094,20.080284159563323,-0.017492994048112356
calibration_00002,calibration,2,A1,-599.9975538743361,-40.118541714847126,-0.3238039482292728
calibration_00002,calibration,2,A2,-400.02662797708336,-40.15973659312342,-0.2779887991181385
calibration_00002,calibration,2,A3,-399.9858004111215,39.819597737062594,-0.21471115162600107
calibration_00002,calibration,2,B1,-99.96305984705978,-40.05502500680058,-0.12204172564186491
calibration_00002,calibration,2,B2,99.99538634399319,-40.00432152581281,0.000289703690969147
calibration_00002,calibration,2,B3,100.0084741066313,39.97308197200038,0.04642213419814059
calibration_00002,calibration,2,C1,549.9420131236445,-59.94029816717575,0.040451918537085754
calibration_00002,calibration,2,C2,749.9814686947001,-60.046315131172705,-0.019788060627648645
calibration_00002,calibration,2,C3,749.9981241147854,20.06638611266736,-0.04692595691829329
calibration_00002,calibration,3,A1,-600.0237900449805,-40.09896833945709,-0.3061434838015598
calibration_00002,calibration,3,A2,-399.95503560184784,-40.113083912709826,-0.23041159078794016
calibration_00002,calibration,3,A3,-399.9988757880509,39.81496384276152,-0.231315498954571
calibration_00002,calibration,3,B1,-99.91122797562126,-40.07613750950141,-0.07183668328713247
calibration_00002,calibration,3,B2,100.05635457884127,-39.97519064444101,-0.002384930289887983
calibration_00002,calibration,3,B3,100.07613668694985,40.04339188738843,0.017614811309299813
calibration_00002,calibration,3,C1,400.0287096296888,-39.93678873667276,0.20191654165144188
calibration_00002,calibration,3,C2,600.0545421114101,-39.907780568515896,0.25578783055390764
calibration_00002,calibration,3,C3,600.0245649777311,40.12959027265823,0.4016884469187032
calibration_00002,calibration,4,A1,50.02641648370646,-580.0868008713342,30.06358750094287
calibration_00002,calibration,4,A2,50.03464324849998,-379.9885036022458,29.924799228376166
calibration_00002,calibration,4,A3,-29.90522332282716,-380.0277335876164,30.048443242505936
calibration_00002,calibration,4,B1,50.09911923432967,-79.9605751059958,30.01528637598891
calibration_00002,calibration,4,B2,49.958430257497476,119.96024352756355,29.96644107378749
calibration_00002,calibration,4,B3,-30.04885514045858,120.06153507620732,30.034710894256673
calibration_00002,calibration,4,C1,49.96757659668521,419.98894313281954,29.96950307635444
calibration_00002,calibration,4,C2,50.0739202689961,619.9958775890344,29.95087047861285
calibration_00002,calibration,4,C3,-29.974325851113104,619.9704161156776,30.04577855448567
calibration_00003,calibration,0,A1,-850.0229507679204,10.021408443396295,10.005636796814997
calibration_00003,calibration,0,A2,-649.9657544166272,10.036129576014973,9.983837998258911
calibration_00003,calibration,0,A3,-650.021635889277,89.98030980492881,9.958291883867386
calibration_00003,calibration,0,B1,-99.9599538125242,-40.05150773456656,-0.003258386422610093
calibration_00003,calibration,0,B2,99.98092126465819,-40.00669562242871,0.009287824209472101
calibration_00003,calibration,0,B3,100.05053807392972,40.00910257376883,0.010214098451782401
calibration_00003,calibration,0,C1,649.9732385463249,-89.98215947103829,-9.980681063198046
calibration_00003,calibration,0,C2,849.992091139241,-89.95026173370022,-10.011692001335627
calibration_00003,calibration,0,C3,850.0178003757534,-10.016279103279565,-9.987011892473939
calibration_00003,calibration,1,A1,-749.9860488150393,-20.02055653313747,-0.002916446117012316
calibration_00003,calibration,1,A2,-549.973944717852,-20.049639426723715,0.005388737223740614
calibration_00003,calibration,1,A3,-550.0010712256054,60.028500235915004,0.034046418835413796
calibration_00003,calibration,1,B1,-100.0304261019736,-39.9905345741495,0.0006483782843421863
calibration_00003,calibration,1,B2,99.90657144325097,-39.98977449432481,0.024854467986257338
calibration_00003,calibration,1,B3,99.9800289438541,39.99983380670506,-0.039320235279706135
calibration_00003,calibration,1,C1,549.9934398653469,-60.08202734155695,-0.04267029179410378
calibration_00003,calibration,1,C2,749.9795341791107,-60.06148440104174,0.019695505444389267
calibration_00003,calibration,1,C3,749.9973720605888,20.025398178154923,-0.01391392325424793
calibration_00003,calibration,2,A1,-600.1038394660013,-39.873218208385524,-0.05848834427960188
calibration_00003,calibration,2,A2,-400.133625108432,-39.92282962273649,-0.014504939373152774
calibration_00003,calibration,2,A3,-400.1119151257854,40.03559905176087,-0.10726856665482175
calibration_00003,calibration,2,B1,-100.15673865566268,-40.00135492812026,0.04001835827965563
calibration_00003,calibration,2,B2,99.92521397538401,-40.0308108550487,-0.05332780717712545
calibration_00003,calibration,2,B3,99.96991400606576,40.03431235990665,-0.05156037898496972
calibration_00003,calibration,2,C1,550.0028275440274,-60.05219743340848,-0.07184829434738751
calibration_00003,calibration,2,C2,750.0499662422402,-60.08230162361643,0.05798581433933686
calibration_00003,calibration,2,C3,750.0424267820687,19.962318166081037,0.004727101209788184
calibration_00003,calibration,3,A1,-600.094290640891,-39.96264358157693,-0.07153882545308628
calibration_00003,calibration,3,A2,-400.0969529678168,-39.96544881998933,-0.03775945040616931
calibration_00003,calibration,3,A3,-400.05149957729486,40.02614523673227,-0.05578993098576949
calibration_00003,calibration,3,B1,-100.10648371481683,-40.020400410832494,0.002681660599403699
calibration_00003,calibration,3,B2,99.98317001093821,-40.009228742367675,0.025290552541110373
calibration_00003,calibration,3,B3,99.98978161352545,40.03605781741035,-0.09361263924499585
calibration_00003,calibration,3,C1,399.86709865735764,-40.08638276806578,-0.08055828567788577
calibration_00003,calibration,3,C2,599.9381513497976,-40.07815189027923,-0.30834167537639756
calibration_00003,calibration,3,C3,599.8262370189605,39.94295170792453,-0.3663531831770608
calibration_00003,calibration,4,A1,49.94307318658012,-580.032241625639,29.908942340728085
calibration_00003,calibration,4,A2,49.94332742747617,-380.05449993410974,29.94477820460861
calibration_00003,calibration,4,A3,-29.960939790345456,-379.9565776392941,29.97474109307603
calibration_00003,calibration,4,B1,50.02750285746718,-80.02587633032074,30.06792187671283
calibration_00003,calibration,4,B2,50.00766602866019,120.05730761458409,30.079967648670028
calibration_00003,calibration,4,B3,-29.99672005760781,120.10599699330916,30.07261900853945
calibration_00003,calibration,4,C1,50.00750874415086,419.9027898208842,30.031341896026543
calibration_00003,calibration,4,C2,50.01213812801615,619.9464188565545,29.789892379987073
calibration_00003,calibration,4,C3,-30.10538027135294,619.971301715566,29.87706954271527
calibration_00004,calibration,0,A1,-849.9916984311975,9.967503147031232,9.930645608347863
calibration_00004,calibration,0,A2,-650.024742199364,10.014772357470276,9.99226486329055
calibration_00004,calibration,0,A3,-649.9763601513534,89.99622566829662,9.978196368760246
calibration_00004,calibration,0,B1,-100.00074137884845,-40.04332780590309,0.008940787957533477
calibration_00004,calibration,0,B2,100.0448234274258,-39.97154743483101,0.019276149572300293
calibration_00004,calibration,0,B3,99.97139282466615,39.940169421943494,-0.010379178085721
calibration_00004,calibration,0,C1,649.96971228015,-90.0649369301607,-9.994468785718084
calibration_00004,calibration,0,C2,850.0177669848744,-89.99910108191114,-10.027535313478332
calibration_00004,calibration,0,C3,849.9835951348871,-9.947794992007982,-10.034762131937274
calibration_00004,calibration,1,A1,-750.0259328988766,-19.97430747952647,0.12778994332534266
calibration_00004,calibration,1,A2,-550.0019133642061,-20.035579265530874,0.04743185829318926
calibration_00004,calibration,1,A3,-549.9986702579142,60.02362312694855,-0.007756449071476171
calibration_00004,calibration,1,B1,-99.99315674185453,-39.90853260809765,0.013573280986776664
calibration_00004,calibration,1,B2,100.05672598539596,-39.96186774065365,-0.008453146064443164
calibration_00004,calibration,1,B3,100.03395095847664,40.01287849553774,-0.020198109470151722
calibration_00004,calibration,1,C1,549.9407753888303,-59.964030989530094,-0.022758699944062454
calibration_00004,calibration,1,C2,749.950085968129,-60.00032975449882,-0.005312771449670836
calibration_00004,calibration,1,C3,750.0117149824379,20.00240207730984,0.04107712553637616
calibration_00004,calibration,2,A1,-599.9230060066112,-39.786251378981504,-0.008170331910385357
calibration_00004,calibration,2,A2,-399.96723714560943,-39.814169935293364,0.054245388348676746
calibration_00004,calibration,2,A3,-399.92887962673194,40.183378176408155,0.07677907464264017
calibration_00004,calibration,2,B1,-100.01081760080966,-39.895147044217964,-0.005427834167202151
calibration_00004,calibration,2,B2,99.96742518826142,-39.9500552339876,-0.05612005592691275
calibration_00004,calibration,2,B3,99.97254128977708,39.959410054685,-0.018221047788817536
calibration_00004,calibration,2,C1,549.9216316202995,-60.01816319211066,-0.053661500329835535
calibration_00004,calibration,2,C2,749.9958643386874,-59.95845729956704,-0.02990223284558459
calibration_00004,calibration,2,C3,750.0613020783642,19.957879941582174,0.04259684524882996
calibration_00004,calibration,3,A1,-599.972732490551,-39.68238972043992,-0.007387310983968068
calibration_00004,calibration,3,A2,-399.96483674565684,-39.83795337094744,-0.04132363385408012
calibration_00004,calibration,3,A3,-399.90660398724657,40.189473582046,0.04386546824227199
calibration_00004,calibration,3,B1,-99.96391121099029,-39.93924677948414,-0.014518721588586508
calibration_00004,calibration,3,B2,100.04179069971704,-39.95934694563563,-0.04874457112507895
calibration_00004,calibration,3,B3,99.96239492423597,39.955148893459956,-0.04673594567255055
calibration_00004,calibration,3,C1,399.8986862170531,-40.098713203953665,-0.08939824873665775
calibration_00004,calibration,3,C2,599.9807921842862,-40.212047085131054,-0.11269018776640184
calibration_00004,calibration,3,C3,600.0807499952513,39.81291918381243,-0.089566579988428
calibration_00004,calibration,4,A1,49.95408793162187,-579.9645937757092,30.038168314003247
calibration_00004,calibration,4,A2,49.98150801828542,-380.0016079875864,29.973215484638473
calibration_00004,calibration,4,A3,-29.957728452777864,-379.956141599877,30.02971875809511
calibration_00004,calibration,4,B1,50.01826661317549,-80.00598178475033,30.021567463542493
calibration_00004,calibration,4,B2,49.959179224797055,120.00084199701804,30.05439544201625
calibration_00004,calibration,4,B3,-29.953466909707934,119.96340646075785,30.00813393825599
calibration_00004,calibration,4,C1,49.99083418299065,419.9357205658601,29.95830417316379
calibration_00004,calibration,4,C2,49.96019462448156,619.9248971387902,29.99698619148124
calibration_00004,calibration,4,C3,-29.955419664891178,619.9979851459761,29.939870046098605
calibration_00005,calibration,0,A1,-850.0149609200967,10.030888028330052,9.968390540777825
calibration_00005,calibration,0,A2,-650.0365222086285,9.972081521803796,10.021570917677733
calibration_00005,calibration,0,A3,-649.9995237744572,89.96791495826163,10.013430136441043
calibration_00005,calibration,0,B1,-100.03416320179447,-40.008390688713895,-0.0018799435169482303
calibration_00005,calibration,0,B2,99.99144140184157,-39.967566576715384,-0.02449919750621764
calibration_00005,calibration,0,B3,100.02081198504686,39.97753598358489,0.0014727702308408063
calibration_00005,calibration,0,C1,649.9649981788014,-90.02728303575572,-9.99891806087375
calibration_00005,calibration,0,C2,850.0391510754871,-89.97227266641109,-9.988155910019794
calibration_00005,calibration,0,C3,849.9416783623047,-9.986165604780178,-9.944089758620443
calibration_00005,calibration,1,A1,-749.9748109810733,-19.991136092253,0.09570997764511588
calibration_00005,calibration,1,A2,-550.006848564922,-19.968227817915803,0.02742693311919564
calibration_00005,calibration,1,A3,-549.9788297648297,60.05121214794999,-0.015230211097169512
calibration_00005,calibration,1,B1,-99.94911359306461,-39.99553360012165,-0.0413243900908745
calibration_00005,calibration,1,B2,100.0004539356049,-40.06634572968615,0.00047136763803636494
calibration_00005,calibration,1,B3,99.9744155536441,40.003189012368075,-0.07525978144736871
calibration_00005,calibration,1,C1,550.0186253059197,-60.0008658037755,0.023628299264355376
calibration_00005,calibration,1,C2,749.9840872497916,-60.01558164308912,-0.08751182035370703
calibration_00005,calibration,1,C3,750.0356989103369,19.985777065005568,-0.10225233602874761
calibration_00005,calibration,2,A1,-599.9831774956263,-39.929637908800224,-0.15454479186632447
calibration_00005,calibration,2,A2,-400.030931284946,-39.99393872716635,-0.13282442518057824
calibration_00005,calibration,2,A3,-400.0352401715772,39.993177373820515,-0.15624246181741624
calibration_00005,calibration,2,B1,-99.91550989293279,-39.92166277694049,-0.01988883946684709
calibration_00005,calibration,2,B2,99.9490197529426,-40.02227686929452,-0.008574105185531202
calibration_00005,calibration,2,B3,100.01423147482069,39.99157344304086,-0.03978122605179688
calibration_00005,calibration,2,C1,550.049909059828,-59.99202189674672,-0.010864225075800557
calibration_00005,calibration,2,C2,750.0342567262057,-60.03428133430739,0.03518265073818721
calibration_00005,calibration,2,C3,749.9968367526387,19.941848700830946,-0.08471995408200086
calibration_00005,calibration,3,A1,-600.0162283975075,-40.00905647889539,-0.16151418873252152
calibration_00005,calibration,3,A2,-399.9813508939248,-39.96812145631567,-0.16090326264822843
calibration_00005,calibration,3,A3,-400.04769159539745,40.016797395634484,-0.1886141057575461
calibration_00005,calibration,3,B1,-99.9606071438769,-40.080109056338756,-0.06686864595967468
calibration_00005,calibration,3,B2,99.97553962303908,-40.082941035455505,-0.03338595395626699
calibration_00005,calibration,3,B3,100.00302528454898,39.98822518389825,-0.04876002243546451
calibration_00005,calibration,3,C1,399.95442898381344,-40.08575586699726,0.02999530621420319
calibration_00005,calibration,3,C2,599.9985345946424,-40.19211266424452,-0.039083307336740224
calibration_00005,calibration,3,C3,600.0707326405777,39.77590365937944,0.016685383804668066
calibration_00005,calibration,4,A1,50.05062468004365,-579.9787632526671,29.99790498577592
calibration_00005,calibration,4,A2,49.98357446426154,-380.02127771999614,29.939295857528982
calibration_00005,calibration,4,A3,-29.994155523920075,-380.08403599309486,30.030678437284976
calibration_00005,calibration,4,B1,49.965799545316386,-79.95076340200347,30.04958318057094
calibration_00005,calibration,4,B2,50.017832062033975,120.03765572642031,30.019628676363496
calibration_00005,calibration,4,B3,-30.069029225597898,120.00669954327078,30.047326521393693
calibration_00005,calibration,4,C1,49.88060980151714,419.95697729141693,30.070215747276215
calibration_00005,calibration,4,C2,50.021363224229695,619.9408467461625,30.00319984711231
calibration_00005,calibration,4,C3,-30.018137240894745,620.0299653012216,30.03650683862657
calibration_00006,calibration,0,A1,-849.9909569613448,9.960255624727846,10.001301212727258
calibration_00006,calibration,0,A2,-650.0222177811959,10.00684010286648,9.988580014502983
calibration_00006,calibration,0,A3,-650.0012133643493,90.00684311459327,9.958401843831373
calibration_00006,calibration,0,B1,-99.93630711314196,-39.94812522561075,-0.047690253152925056
calibration_00006,calibration,0,B2,100.01861386677935,-40.00333713137934,0.013426294210895204
calibration_00006,calibration,0,B3,100.03549036759618,39.93779962209722,0.02052737613946933
calibration_00006,calibration,0,C1,649.9843754666633,-90.04063501834372,-9.984358706412456
calibration_00006,calibration,0,C2,849.9716199131939,-89.97753245842715,-10.029619444955777
calibration_00006,calibration,0,C3,849.9768435009516,-10.007148290792983,-10.004226121990326
calibration_00006,calibration,1,A1,-749.9690059409071,-20.04015666742847,-0.0069394188610577955
calibration_00006,calibration,1,A2,-550.0183956894391,-19.982593277398774,0.06708718575051761
calibration_00006,calibration,1,A3,-550.0080244760399,59.99035203459991,0.026039731644801233
calibration_00006,calibration,1,B1,-100.05203911024591,-40.011235790475745,0.049653997326764794
calibration_00006,calibration,1,B2,99.97880112439616,-39.963591507585484,-0.028028013685701902
calibration_00006,calibration,1,B3,99.91980356458812,40.06252434642533,-0.030125556331649987
calibration_00006,calibration,1,C1,549.9998317621969,-59.91072513538523,-0.0021202349281771882
calibration_00006,calibration,1,C2,749.992892740931,-59.963432717021504,0.10341296484425733
calibration_00006,calibration,1,C3,749.9395285268123,19.932680412842775,0.01440261525005302
calibration_00006,calibration,2,A1,-599.9965143579772,-40.10226812558892,0.21260653713890446
calibration_00006,calibration,2,A2,-400.0469621006913,-40.11675920802155,0.13361848802195045
calibration_00006,calibration,2,A3,-400.0847251681896,39.84656622608932,0.16829829098431173
calibration_00006,calibration,2,B1,-99.99553292585368,-40.04221974491954,0.0904476143272786
calibration_00006,calibration,2,B2,99.90965860491231,-40.08618163250494,-0.016974334241823805
calibration_00006,calibration,2,B3,99.9512404520277,40.02606370067196,0.0336631049303419
calibration_00006,calibration,2,C1,550.0244378495095,-59.93442152513855,-0.006447612257746139
calibration_00006,calibration,2,C2,750.0162787748825,-59.99918635529823,0.06834101179205562
calibration_00006,calibration,2,C3,750.0512235552695,20.029966848874334,0.10260996952285577
calibration_00006,calibration,3,A1,-600.0600032967981,-40.12217475377177,0.2713449454625166
calibration_00006,calibration,3,A2,-400.0626485262901,-40.0906278052446,0.11687231706736959
calibration_00006,calibration,3,A3,-400.06838367021186,39.8601820699279,0.18695536216557296
calibration_00006,calibration,3,B1,-99.98859816810399,-40.05296496156621,-0.003886792604912922
calibration_00006,calibration,3,B2,100.01218589403098,-40.03737880342197,0.017729523930357323
calibration_00006,calibration,3,B3,99.89194981936475,40.06770911612956,0.046930643190000856
calibration_00006,calibration,3,C1,399.90247483791944,-40.04209704454495,-0.22776781874957922
calibration_00006,calibration,3,C2,600.0239609594595,-39.95286298021302,-0.2966602323082592
calibration_00006,calibration,3,C3,600.0240072189148,40.02300246554109,-0.3580209537835031
calibration_00006,calibration,4,A1,50.060162523606124,-579.9960339692561,29.999763060197605
calibration_00006,calibration,4,A2,50.05353668053961,-380.04409171956013,29.946960857177153
calibration_00006,calibration,4,A3,-29.93832265216248,-380.0260566760395,29.988115239481818
calibration_00006,calibration,4,B1,49.97313565159136,-79.97908848648818,29.920619336695015
calibration_00006,calibration,4,B2,49.993062939745066,119.97401937115919,30.11765183018298
calibration_00006,calibration,4,B3,-29.995932357534215,119.92366903734151,30.101522200838453
calibration_00006,calibration,4,C1,50.005331057934036,419.9688621127539,30.02434467993184
calibration_00006,calibration,4,C2,49.98973785427244,620.0307244741437,29.993721202534566
calibration_00006,calibration,4,C3,-29.954720586426074,619.9391560116013,29.93645355155679
calibration_00007,calibration,0,A1,-849.9845329738405,9.960960930899063,10.031322656788694
calibration_00007,calibration,0,A2,-649.9992124586278,10.019107376452453,10.037732147220567
calibration_00007,calibration,0,A3,-650.0023265853147,90.03074399076732,9.988044053060129
calibration_00007,calibration,0,B1,-99.97806271480958,-40.01497884853193,0.06413364009588501
calibration_00007,calibration,0,B2,100.05370052696003,-39.966255551226766,-0.03272451220712715
calibration_00007,calibration,0,B3,99.99949840769828,40.01152635366786,-0.02808203477581616
calibration_00007,calibration,0,C1,649.9561033238172,-89.98187961876062,-9.996227541665153
calibration_00007,calibration,0,C2,849.9761611465829,-90.00578039051192,-10.015274072882388
calibration_00007,calibration,0,C3,849.9818757102837,-10.020864242896083,-9.97951157393151
calibration_00007,calibration,1,A1,-750.0395253419089,-19.95846884124247,-0.11892285565415261
calibration_00007,calibration,1,A2,-550.012120234554,-20.040773445565076,-0.10486074894513367
calibration_00007,calibration,1,A3,-549.9688920870755,59.9558700866389,-0.009896357125368089
calibration_00007,calibration,1,B1,-100.00570082561035,-39.96242619495296,-0.05012356565019824
calibration_00007,calibration,1,B2,100.00271062030484,-40.046439222682935,0.09102092039543591
calibration_00007,calibration,1,B3,100.01953593073587,39.98395364589203,-0.013652911011042476
calibration_00007,calibration,1,C1,550.049703298063,-60.01837420570955,-0.008429484772505363
calibration_00007,calibration,1,C2,750.0135754639066,-59.960622841120575,0.026692240760679727
calibration_00007,calibration,1,C3,750.0199667781718,19.987460114436644,-0.0360952356104307
calibration_00007,calibration,2,A1,-600.0545353091098,-39.79884516075217,-0.4009923512439436
calibration_00007,calibration,2,A2,-399.97098061311334,-39.82472724674446,-0.2341055048101168
calibration_00007,calibration,2,A3,-400.0151888956345,40.124859288304435,-0.3191723887128983
calibration_00007,calibration,2,B1,-100.02935341759091,-39.902691008365466,-0.05099551463239242
calibration_00007,calibration,2,B2,99.99947336031688,-40.03908979744797,0.08429928177027719
calibration_00007,calibration,2,B3,100.03948182866893,39.99725556696401,-0.03313259277083769
calibration_00007,calibration,2,C1,550.0667198646203,-59.96814160412248,-0.07527136615752993
calibration_00007,calibration,2,C2,750.0574975178987,-59.94276618425226,0.01907706436940819
calibration_00007,calibration,2,C3,749.9885168863635,20.05300436198168,0.022613447235883953
calibration_00007,calibration,3,A1,-600.0582511851732,-39.81338989211181,-0.42066196966489816
calibration_00007,calibration,3,A2,-400.0011106620416,-39.891436009072315,-0.20606162336232622
calibration_00007,calibration,3,A3,-400.0299533160657,40.20371163051204,-0.3765632988608377
calibration_00007,calibration,3,B1,-100.03793139738876,-39.95318828553281,-0.0052196507408659165
calibration_00007,calibration,3,B2,100.0097178621729,-40.01563001225739,0.09005234324528369
calibration_00007,calibration,3,B3,100.01110645317168,40.03118357732573,-0.011737233553819216
calibration_00007,calibration,3,C1,400.0294947674908,-40.16574142605714,0.30319846772241554
calibration_00007,calibration,3,C2,599.97582832215,-40.30456752160249,0.40529847266508817
calibration_00007,calibration,3,C3,600.0508721592271,39.65295152060002,0.24102329504962985
calibration_00007,calibration,4,A1,50.04919149839803,-580.1029529790967,30.049239234295115
calibration_00007,calibration,4,A2,49.96130715892871,-379.9480402355644,30.0330154264179
calibration_00007,calibration,4,A3,-30.02958491058854,-380.0564661033616,29.976427479377985
calibration_00007,calibration,4,B1,49.973356681020256,-80.08129509826205,29.925314801961036
calibration_00007,calibration,4,B2,50.00675686825286,119.95502089964693,29.952618666772775
calibration_00007,calibration,4,B3,-30.04441750769352,119.9539525298265,30.026317382567452
calibration_00007,calibration,4,C1,50.02662868643416,420.04002383381226,30.00538796081747
calibration_00007,calibration,4,C2,50.07624365294731,619.997592877523,29.940843481457822
calibration_00007,calibration,4,C3,-29.940266139417947,619.9794344479515,29.97648349669579
test_00000,test,0,A1,-849.9506286508467,10.037029086456132,9.957695243429251
test_00000,test,0,A2,-650.0449200707072,9.98776311963334,10.005308430232056
test_00000,test,0,A3,-650.0167435071818,90.0265048538932,9.989142744766458
test_00000,test,0,B1,-100.0188569907436,-40.01900080003716,-0.017994466837192455
test_00000,test,0,B2,100.00941332486973,-40.005843111179516,0.026825046328509343
test_00000,test,0,B3,99.98047203941012,40.03945393577732,-0.0054532768593608
test_00000,test,0,C1,649.9977857241772,-90.01411505026637,-9.955467326166858
test_00000,test,0,C2,849.9945898704607,-89.99853842251656,-10.010151347838882
test_00000,test,0,C3,849.9823263785892,-9.956567298767107,-10.007813434026023
test_00000,test,1,A1,-749.9460801086046,-20.059791016025407,0.02192378742058641
test_00000,test,1,A2,-550.0018743889698,-20.007224736469283,-0.008103310117122987
test_00000,test,1,A3,-550.0163967899117,60.016859276719,0.04182438068603417
test_00000,test,1,B1,-100.02352286279356,-39.97107450485661,0.014916497174205205
test_00000,test,1,B2,99.9502083092573,-39.93303118793247,-0.0010768368204492808
test_00000,test,1,B3,99.98255412252702,39.988125555199005,0.033524230466747997
test_00000,test,1,C1,550.0292125959769,-59.97152257580348,-0.05766652603949305
test_00000,test,1,C2,750.0107715145593,-59.99475090701736,0.006463567887837397
test_00000,test,1,C3,750.0139146676628,20.026969219969143,-0.0052932216778921095
test_00000,test,2,A1,-601.9952494817488,-39.37292398982517,0.345139480159987
test_00000,test,2,A2,-400.0211619352113,-39.986957476890204,0.0009674023819902858
test_00000,test,2,A3,-400.1296310163085,40.035194196001136,0.09079912499970726
test_00000,test,2,B1,-100.01677666571837,-39.97121373409901,0.007806297228470881
test_00000,test,2,B2,100.02184800020763,-39.975368171225256,0.023362814385233854
test_00000,test,2,B3,99.94777896355644,40.0558568576649,0.038008910736299605
test_00000,test,2,C1,549.9878542515763,-59.93928161359389,-0.06229828544772464
test_00000,test,2,C2,749.9188174806861,-60.01433666375909,0.036660504508993316
test_00000,test,2,C3,750.0443903638721,19.991944809616545,0.0032000309646155536
test_00000,test,3,A1,-601.9633493875598,-39.30548533863861,0.37046048673071935
test_00000,test,3,A2,-400.0299893314046,-39.984271121678056,-0.04708302916859723
test_00000,test,3,A3,-400.17076696662133,40.01969578966309,0.11206498220155747
test_00000,test,3,B1,-99.98933306980648,-39.99816654549522,-0.0705900560044912
test_00000,test,3,B2,100.00432701924422,-39.92647642952468,-0.0063698849071211535
test_00000,test,3,B3,99.97881447556641,39.990859599814165,-0.03958604214223206
test_00000,test,3,C1,399.9812307577441,-39.935304329894386,-0.00026709685818902124
test_00000,test,3,C2,600.037646157223,-39.83919526725106,0.04455669876177514
test_00000,test,3,C3,599.928835787668,40.117472787119716,0.03906663520784713
test_00000,test,4,A1,49.625698080944524,-581.7583354611112,30.23154280873013
test_00000,test,4,A2,50.15012862446639,-379.7767584109867,29.89286165421643
test_00000,test,4,A3,-29.821389884413787,-379.90175558156704,29.99581402357538
test_00000,test,4,B1,50.103288554094156,-79.69018290600096,29.91499194379828
test_00000,test,4,B2,50.10334425175334,120.24398523109033,29.9849604899863
test_00000,test,4,B3,-29.81730901303827,120.27412319298918,29.93779520858284
test_00000,test,4,C1,50.038836823081844,420.28337523618364,30.04041970082867
test_00000,test,4,C2,49.855792391747634,620.2751123435514,30.015338605658034
test_00000,test,4,C3,-30.033514488146785,620.1722773977659,30.118707215938173
test_00001,test,0,A1,-849.9683330199748,10.037520165286056,9.981856876330585
test_00001,test,0,A2,-650.0176551531339,9.971267347880833,9.98808269114916
test_00001,test,0,A3,-650.0210907849514,90.02425245928798,10.045965277814835
test_00001,test,0,B1,-99.97291470636648,-39.99129998203077,0.0038632781795721704
test_00001,test,0,B2,100.02043573089625,-40.01498604639088,-0.00443631275430223
test_00001,test,0,B3,100.00338791397381,40.019083154873115,-0.03691591200811421
test_00001,test,0,C1,650.0047828195829,-90.01784897964761,-10.08864065369854
test_00001,test,0,C2,849.9644307945629,-89.98154055361547,-10.021066505731476
test_00001,test,0,C3,849.992245332281,-10.007413936101704,-9.951345800820267
test_00001,test,1,A1,-749.9805947856449,-20.03608269932609,-0.02535917533920637
test_00001,test,1,A2,-549.9583271579733,-19.99869044769446,-0.05758920640824893
test_00001,test,1,A3,-550.0092399465692,60.06000378094127,-0.07606555507798524
test_00001,test,1,B1,-99.99310555647554,-40.000315311140945,-0.05961143185094557
test_00001,test,1,B2,99.97039603416006,-40.01634715066075,0.06804159396766501
test_00001,test,1,B3,99.9919467076631,40.0119275617201,0.03049762993706323
test_00001,test,1,C1,550.0498544323897,-59.98629700657465,0.09137342166682536
test_00001,test,1,C2,750.0030344138679,-60.016403215505456,-0.0017155815827565955
test_00001,test,1,C3,749.9668829364372,20.03298222646145,-0.036193274211209214
test_00001,test,2,A1,-602.0382122730966,-40.130563337826196,-0.5494008745427923
test_00001,test,2,A2,-400.03933897819934,-39.98928949990794,-0.24662461305954156
test_00001,test,2,A3,-400.02506436107234,40.01139391505706,-0.30199547918640757
test_00001,test,2,B1,-100.01685449032311,-40.04177909669474,-0.0770680942852047
test_00001,test,2,B2,100.06462650877451,-39.985074147306904,0.02352086650861591
test_00001,test,2,B3,99.99192731661695,39.995870069903965,-0.0029816522108775875
test_00001,test,2,C1,550.1129977874771,-59.92017905961285,0.14031139070015275
test_00001,test,2,C2,750.019094249909,-59.98074526932082,0.004630504604231714
test_00001,test,2,C3,749.956398453819,20.00837261483197,-0.0832577248346871
test_00001,test,3,A1,-602.074148316469,-40.07827851853437,-0.5565952478102149
test_00001,test,3,A2,-400.056984771564,-40.0625302107082,-0.2516613574631058
test_00001,test,3,A3,-399.928920758842,40.038407624363444,-0.24463820287359272
test_00001,test,3,B1,-100.05975844006495,-40.04853109351911,-0.024248239772466533
test_00001,test,3,B2,100.0231132261007,-39.8657857340191,0.06212465910092952
test_00001,test,3,B3,100.01523489111591,40.11751142524869,0.07475726083380367
test_00001,test,3,C1,400.0137760154543,-39.911622394801036,0.2119144722527629
test_00001,test,3,C2,600.056106548008,-39.90297165954959,0.24103207463402349
test_00001,test,3,C3,599.9452696904841,40.136546274773664,0.35223352791879636
test_00001,test,4,A1,50.052854349545726,-581.8417674246382,29.852343777983187
test_00001,test,4,A2,49.93379967123711,-379.7620519100576,30.072196423108647
test_00001,test,4,A3,-30.027816399140274,-379.71666001789504,29.94598075650964
test_00001,test,4,B1,50.087752171450674,-79.81431980808095,30.123995289871967
test_00001,test,4,B2,50.01673656597284,120.26395175050318,29.995199112668807
test_00001,test,4,B3,-29.9733827739248,120.26933369117788,29.962293802040357
test_00001,test,4,C1,50.04083631905515,420.23969559703335,29.982835319129098
test_00001,test,4,C2,50.06813179835163,620.2697858797424,30.00824857565192
test_00001,test,4,C3,-30.02379502623399,620.1471747723342,29.867648921237034
test_00002,test,0,A1,-850.013320435075,9.9969943992224,10.016839824647825
test_00002,test,0,A2,-650.0258927730895,9.988653706243088,10.018939961743957
test_00002,test,0,A3,-649.9782779651017,90.03921658214041,9.961467523264336
test_00002,test,0,B1,-100.00119840018239,-40.01519661267071,-0.06076390813017802
test_00002,test,0,B2,99.99428767898297,-39.99780722006763,-0.007245406945688578
test_00002,test,0,B3,100.02341838484422,40.04094932241049,0.08441709466977984
test_00002,test,0,C1,650.0328918483694,-89.99100373637532,-9.989457665726334
test_00002,test,0,C2,849.9973106081151,-89.95460103202393,-10.032326579388734
test_00002,test,0,C3,849.9994268985804,-10.029394599523222,-9.978274381232838
test_00002,test,1,A1,-749.956324732335,-19.958510338129376,-0.009242712324576446
test_00002,test,1,A2,-549.998061125766,-20.020553062019484,-0.04917142150349878
test_00002,test,1,A3,-550.0416789924549,60.013713854396364,0.11954749026084291
test_00002,test,1,B1,-100.00610275685132,-40.061788710882325,0.08860927040482902
test_00002,test,1,B2,99.94766092550451,-39.998862852997625,0.025796010984254134
test_00002,test,1,B3,100.03850264118383,39.99916787485505,-0.04447727972828687
test_00002,test,1,C1,549.9978831209745,-59.99867169066043,-0.0037751187560109804
test_00002,test,1,C2,750.0562259677291,-60.023458194201744,-0.0010092491698058953
test_00002,test,1,C3,750.0006297659811,20.036851920857845,-0.01681759649680745
test_00002,test,2,A1,-600.6411516805696,-41.972136968744394,0.034277524759160904
test_00002,test,2,A2,-400.01652821102147,-40.10285502706705,0.17815676866978275
test_00002,test,2,A3,-400.0382431896696,39.828874691174995,0.014438397826104059
test_00002,test,2,B1,-99.97114454815319,-40.03847844963178,0.05830961289429456
test_00002,test,2,B2,99.90782727933275,-40.102102461766286,-0.04039390017040942
test_00002,test,2,B3,100.05796366628671,40.03825990795664,-0.004044563115821288
test_00002,test,2,C1,549.9734024156916,-59.98865209404817,0.029707888771487223
test_00002,test,2,C2,750.0179204514926,-59.97348834218445,-0.022049630892238863
test_00002,test,2,C3,749.961470306306,19.986946556061696,-0.03857344311278124
test_00002,test,3,A1,-600.6865006191429,-42.06705508544763,-0.003956920877424032
test_00002,test,3,A2,-399.93495017808027,-40.1228493585219,0.14718801630252298
test_00002,test,3,A3,-399.98144182803895,39.776964183874924,-0.058531025841791914
test_00002,test,3,B1,-99.96292250754466,-40.0897735249302,0.04367551420294076
test_00002,test,3,B2,99.95715112771764,-40.002211458846446,0.0015447464216266995
test_00002,test,3,B3,100.02274863503361,40.03972243308758,-0.0332451805139495
test_00002,test,3,C1,400.01122322315916,-40.17024547762285,-0.15896544976156932
test_00002,test,3,C2,600.0223320330547,-40.071276392574674,-0.2008372776380441
test_00002,test,3,C3,599.9760042968563,39.870820516678485,-0.21407300076924146
test_00002,test,4,A1,51.19701138122614,-580.6333847735988,29.920692756511706
test_00002,test,4,A2,49.441550781287454,-379.9655508817944,30.168362739093105
test_00002,test,4,A3,-30.507219958855558,-379.9124731682798,29.96007904544152
test_00002,test,4,B1,49.69310915077814,-79.90458766021861,30.092673495535582
test_00002,test,4,B2,49.78170471789815,120.03893476138289,30.027242631340236
test_00002,test,4,B3,-30.200082434722987,120.12660592070866,30.045247623657115
test_00002,test,4,C1,50.08637174819547,420.05610584005217,29.94182673121996
test_00002,test,4,C2,50.192076316382796,620.0547100090204,29.938860398070755
test_00002,test,4,C3,-29.788614590448613,620.0818980835376,29.97809468040359
test_00003,test,0,A1,-849.9529251961419,10.044446509930893,9.995908653385808
test_00003,test,0,A2,-650.0053458692063,10.022843072190096,9.99606217083573
test_00003,test,0,A3,-649.9652386060513,89.99276528897296,9.98150511692397
test_00003,test,0,B1,-100.02069568353922,-39.96671088478878,-0.02642699270665739
test_00003,test,0,B2,100.01909695646029,-39.960513171590826,0.0629382488568141
test_00003,test,0,B3,99.96254399490323,39.98506231386614,-0.01663321819211287
test_00003,test,0,C1,650.040462037968,-89.98104668547745,-10.000068832617279
test_00003,test,0,C2,850.0209095526725,-89.98043853806685,-9.989917053699514
test_00003,test,0,C3,849.9593083116815,-10.025979831231695,-9.949959619389448
test_00003,test,1,A1,-749.9914617579561,-20.088587488070573,0.028112250392820497
test_00003,test,1,A2,-549.953334201029,-20.040130568871273,0.03753033766146087
test_00003,test,1,A3,-550.063224416124,59.945511341720255,0.02031548568555371
test_00003,test,1,B1,-99.97664760234261,-40.02323243912203,0.046281366248555916
test_00003,test,1,B2,100.02550693508492,-40.048058085806886,-0.03498034651316498
test_00003,test,1,B3,100.00021227811187,39.97872666224928,-0.015164344419453378
test_00003,test,1,C1,549.9304768747803,-59.989352500488884,-0.007722454771794396
test_00003,test,1,C2,750.0139305829532,-60.01980745657824,0.045139380029400294
test_00003,test,1,C3,750.0634731197395,20.000196897038826,-0.05667569186714682
test_00003,test,2,A1,-601.8554149536627,-39.21409134194174,0.2874391676418165
test_00003,test,2,A2,-400.00047869358286,-40.01296036184355,0.2062432631929716
test_00003,test,2,A3,-400.02442244322083,39.987154728556035,0.1851048650313255
test_00003,test,2,B1,-100.01317643068484,-39.99258490511492,0.04721477378907763
test_00003,test,2,B2,100.07293052857075,-40.05787673800388,-0.016475082840186044
test_00003,test,2,B3,100.06883123002653,39.98349302559578,-0.023600728982912045
test_00003,test,2,C1,550.0027595621237,-59.98907982359755,-0.009513259326014524
test_00003,test,2,C2,749.9714954160333,-60.05251339417529,-0.003289306481269582
test_00003,test,2,C3,750.0552230269583,20.03037926576248,-0.016924025388109453
test_00003,test,3,A1,-601.7648638287527,-39.19623450145779,0.31359023051618967
test_00003,test,3,A2,-400.0057304433551,-40.0753479103301,0.14760178915767647
test_00003,test,3,A3,-400.10356908038545,39.94350900806534,0.2180676891391861
test_00003,test,3,B1,-99.90379248770444,-40.038353342819356,0.0777042001126586
test_00003,test,3,B2,99.99034837763176,-40.03773429280748,-0.06123923110742828
test_00003,test,3,B3,100.04627154010186,40.06097309961154,0.03690641835826418
test_00003,test,3,C1,400.0935858324834,-40.11403527298419,-0.14282563858689495
test_00003,test,3,C2,600.0313995321717,-40.14267895688016,-0.19405488457699205
test_00003,test,3,C3,600.0092408666416,39.848490503846925,-0.16955548507350482
test_00003,test,4,A1,49.47338173294517,-581.6441474927076,30.04107915982216
test_00003,test,4,A2,50.2822860805375,-379.8529268864087,29.906731644869158
test_00003,test,4,A3,-29.76159038524413,-379.92419725376993,29.97799985798329
test_00003,test,4,B1,50.10902847726783,-79.68146119240465,29.955377535784294
test_00003,test,4,B2,50.02356734852989,120.27490377219777,29.961914017348864
test_00003,test,4,B3,-30.057487017941128,120.21393987014275,29.982509869972628
test_00003,test,4,C1,50.02668080435042,420.2134307605896,29.965839852834726
test_00003,test,4,C2,49.88234447598587,620.2245007560576,30.03809140532372
test_00003,test,4,C3,-30.089082399297777,620.2247758509286,29.98682215666488
