sample_id,s0_A1_x,s0_A1_y,s0_A1_z,s0_A2_x,s0_A2_y,s0_A2_z,s0_A3_x,s0_A3_y,s0_A3_z,s0_B1_x,s0_B1_y,s0_B1_z,s0_B2_x,s0_B2_y,s0_B2_z,s0_B3_x,s0_B3_y,s0_B3_z,s0_C1_x,s0_C1_y,s0_C1_z,s0_C2_x,s0_C2_y,s0_C2_z,s0_C3_x,s0_C3_y,s0_C3_z,s1_A1_x,s1_A1_y,s1_A1_z,s1_A2_x,s1_A2_y,s1_A2_z,s1_A3_x,s1_A3_y,s1_A3_z,s1_B1_x,s1_B1_y,s1_B1_z,s1_B2_x,s1_B2_y,s1_B2_z,s1_B3_x,s1_B3_y,s1_B3_z,s1_C1_x,s1_C1_y,s1_C1_z,s1_C2_x,s1_C2_y,s1_C2_z,s1_C3_x,s1_C3_y,s1_C3_z,s2_A1_x,s2_A1_y,s2_A1_z,s2_A2_x,s2_A2_y,s2_A2_z,s2_A3_x,s2_A3_y,s2_A3_z,s2_B1_x,s2_B1_y,s2_B1_z,s2_B2_x,s2_B2_y,s2_B2_z,s2_B3_x,s2_B3_y,s2_B3_z,s2_C1_x,s2_C1_y,s2_C1_z,s2_C2_x,s2_C2_y,s2_C2_z,s2_C3_x,s2_C3_y,s2_C3_z,s3_A1_x,s3_A1_y,s3_A1_z,s3_A2_x,s3_A2_y,s3_A2_z,s3_A3_x,s3_A3_y,s3_A3_z,s3_B1_x,s3_B1_y,s3_B1_z,s3_B2_x,s3_B2_y,s3_B2_z,s3_B3_x,s3_B3_y,s3_B3_z,s3_C1_x,s3_C1_y,s3_C1_z,s3_C2_x,s3_C2_y,s3_C2_z,s3_C3_x,s3_C3_y,s3_C3_z,s4_A1_x,s4_A1_y,s4_A1_z,s4_A2_x,s4_A2_y,s4_A2_z,s4_A3_x,s4_A3_y,s4_A3_z,s4_B1_x,s4_B1_y,s4_B1_z,s4_B2_x,s4_B2_y,s4_B2_z,s4_B3_x,s4_B3_y,s4_B3_z,s4_C1_x,s4_C1_y,s4_C1_z,s4_C2_x,s4_C2_y,s4_C2_z,s4_C3_x,s4_C3_y,s4_C3_z
calibration_00000,-849.9697103471992,9.956799102054019,10.06226643707858,-650.0378395698123,9.959157757334772,9.979376132588893,-650.0392609127407,89.96059472338025,9.963395699394466,-99.99747105818228,-40.01420278737811,-0.02954063903606447,99.99375388353505,-39.92966551183308,-0.016437615297971497,100.06828660370864,40.02158532599729,-0.04597313143889911,649.9669974197209,-90.02614654451212,-9.953008674708688,850.0183471464242,-89.99119349940173,-9.973808776866564,849.9993008470984,-10.017550979275262,-9.996154759212164,-749.9883737956984,-19.94378388116792,-0.06337049574485143,-550.0348699536332,-19.963865356049013,-0.02745386503440478,-550.0382200924909,60.10937004298637,0.053797676251631565,-100.00681117372709,-40.06161876843749,0.016750933298715912,99.9503401546197,-40.09300264537996,-0.027096364836928687,100.01363268742878,39.99658106617387,0.06386494746767121,549.9811360399982,-60.01454431810951,-0.08642388794713793,750.0394275411281,-60.031697000934706,-0.014193727123559954,750.0038957034329,20.039217575225642,-0.04672283830682759,-600.0113549049167,-39.980915147686105,0.12309672316589956,-399.98992562901987,-40.09355690722345,0.16623859881825576,-400.0152414517983,39.96195022121244,0.219495274140676,-99.99932066882818,-40.03182401124716,0.12921708006878252,100.01241964172527,-40.01629533133443,0.009310447536837185,99.9714343171492,39.95363179643915,0.024372973208033964,549.956475804017,-60.05844750249197,-0.031776743374374805,750.0132710759966,-59.971983783459414,-0.011330448110173736,749.9699675835128,20.008667100431243,-0.01593910702724645,-599.934615822116,-40.06025577255175,0.17564032738046811,-400.0012171281314,-40.08692894352823,0.0773948760580696,-399.96159623025585,39.93971445581388,0.20539708010707744,-100.0085457591365,-40.01154709585833,0.039901065922084145,99.94308978418967,-40.038631640083636,0.047859121550680866,99.88406379159316,39.93222634446294,0.05377646650763593,399.97016571401355,-40.01787391500753,-0.21283708714332145,600.0487443743245,-39.96311386016085,-0.2518651562646637,599.9523128362472,39.953253220749666,-0.3135336896235837,50.0274351370449,-579.9463897524993,29.87688259644678,50.05003907848339,-379.99102923232846,29.966935602695067,-30.022261604639343,-379.9503132768509,29.95056945870716,49.91283461686039,-80.02731168334059,30.013270929261974,49.96802375440892,119.9551030286811,30.174401237995923,-29.920125196516953,119.9521241726133,30.10847106200749,50.00096619661756,420.055033663621,30.046917320440475,49.99830697313027,620.0566267298938,29.981102910599436,-29.9631004406815,619.9796239443677,29.90875994417105
calibration_00001,-850.0024797261932,9.966638251753993,10.041425756203138,-649.9728911654998,10.034054476092944,9.97893930629704,-649.9917207217994,90.00358629438423,10.011439926725119,-99.99401607775316,-39.95883872789462,-0.02411178196542802,99.96309780436822,-40.07063344746373,0.004866441011656635,100.00695245888129,40.026210768381624,-0.018344345564914686,650.0578040794239,-90.0123742470787,-9.98656628986371,850.0155494564957,-90.00177031817562,-10.021952853518656,850.0071117556515,-9.960442843817074,-9.998176843925874,-750.0126411887103,-19.99548626597632,-0.002354968766864224,-550.0130535720511,-20.0741754643074,-0.03248505321917925,-550.0186550588319,59.959852007325814,-0.004527411554946758,-99.98172291137178,-40.0714660726682,0.06835665299557146,99.95482777732657,-40.02496673823363,-0.039650268992384906,100.01571596992702,40.03839695669358,0.03475983693118284,549.9727414869667,-60.04149593357271,-0.024106175273903165,749.9539871263047,-60.00933375083512,0.07816771250288598,749.9690971000165,19.966335628069785,0.032163468875715646,-600.0235604010089,-40.238071240511466,0.3159526709818351,-400.05104698418614,-40.132325563890014,0.26577976764633743,-399.9869032501494,39.798001983953,0.3422742081876329,-99.93512051181125,-40.094854527873565,-0.06624193350636093,100.01370009661012,-40.0427329936142,-0.04802941445636663,99.96019610788404,40.059952666017764,-0.019368410408425903,550.0001255419174,-59.97849964087619,-0.05186769123721903,749.9560039382583,-59.99600929776508,-0.04093195639477924,749.9782018553095,19.99640621048129,0.02636837623433998,-599.9807711580469,-40.144055604883484,0.25142751978911126,-400.00708383767187,-40.164223762418096,0.3017257208437289,-399.99208105910543,39.85302004801497,0.31765371777370094,-99.94556970258203,-40.058926843943155,0.004369209782474506,100.03912115223255,-39.99381684642093,-0.059835044349585934,99.94585758398088,40.06206730498283,0.01721161000283205,399.97152077311796,-39.832154027168535,-0.016948474673102454,599.9429334847679,-39.75804585008499,0.06836572817469745,599.9794494480093,40.27377100145762,0.024532497130305166,49.995610282054564,-579.9918832521505,30.032967487589218,50.041532192343496,-379.98462988436927,30.10380445488933,-29.985960721022458,-379.9336849892343,30.021200891947252,49.98603238084188,-79.99918959851078,29.955511148707213,50.047253994567704,120.03335912327506,29.883669689496067,-29.954628959752352,119.96381004737458,29.899618434318327,49.99081069691363,420.0566225155831,30.01790594383407,50.002524920169904,619.9884283674792,30.174421934330194,-30.056724173302896,620.0768614497081,30.044614060873432
calibration_00002,-850.0060939932199,9.995853340241815,10.033951911651762,-650.0401795837073,9.978889239614265,10.02665976435753,-650.0572294515099,89.9999197038182,10.041451792751104,-99.99570983213334,-39.96650467133568,-0.01632381921386401,100.00644150298056,-39.99081119192605,0.05316096042926886,99.96812443443358,40.011599029552166,-0.043314759059694743,649.9772021134312,-90.00234259341921,-9.950957494207092,850.0284606999287,-89.98764033513446,-9.9800784514939,849.9883328078016,-10.001023857485485,-9.985492249788877,-749.9602196196001,-19.95250342190225,-0.08356703749541103,-549.972117530649,-20.01105943835332,0.033198201893593654,-549.9380915803833,59.95833832102851,-0.07541803867382896,-100.01135462277166,-40.06664191433588,0.07344685535997432,99.96366913585224,-40.05676479225357,-0.007864657262615891,100.0288832793427,40.071627630415634,0.012257945640701508,550.013644015307,-59.990672235936685,-0.022848862936229918,749.9990859498445,-60.018000991554935,-0.018054700052664335,750.0300862327708,19.98895030579843,0.015188593083930446,-600.0428640636783,-40.18544822187636,0.2638679790454583,-400.03034010257113,-40.06139253074966,0.17122921488441845,-400.08217237858304,39.871465454134594,0.22758639020088958,-100.00122542620599,-40.07994776283402,0.08980765988230058,99.94033133378929,-40.03129241659322,-0.038592731048890855,100.05852074189153,40.061423490699696,0.04430706649037082,550.0394825302723,-60.05715995102106,-0.001293601240497523,750.0455504472588,-59.97241755134657,-0.050777898685000745,749.9723413496366,19.966116735681723,-0.045093565640969904,-600.050935718585,-40.21565636997209,0.26011599281060094,-400.0746372303899,-40.04324044561218,0.21645004243563168,-400.04285032108726,39.90814245485072,0.2186294598592975,-100.04553061724508,-39.90716374848495,0.07983662535792478,99.97261097410315,-40.01601621645101,-0.02335726543289417,100.05071863090093,39.94829675836334,0.06546283408645666,400.014415025312,-39.92484874446339,-0.3055409947578536,600.001022924792,-39.83364817293671,-0.3701037855962464,600.0176857547583,40.08837258746686,-0.263966526145645,50.0879828535418,-580.0542004186603,29.94792452960586,49.93896459814247,-380.0034529258984,29.9442191045787,-29.98574574056799,-380.04432734695996,30.006142245591075,49.94228553701701,-80.00718436132445,30.085209131799072,50.047557775249,120.01115073417182,30.04055488176274,-29.890863409078865,120.08247416610573,30.02961222155152,49.952025127457546,420.0735971853128,29.958151471218674,50.01012022919074,620.0174023410509,30.02721231547371,-29.999203791071377,620.0819658834304,30.07330219344719
calibration_00003,-850.0058188421912,10.115887060492295,10.068661733860335,-650.0469664185024,9.959933990524656,9.95255041380124,-650.0249756117906,89.97159661867195,10.020537899711297,-100.00887331991167,-40.0077644278036,0.0022448540749686755,100.02482863258652,-39.99637253966321,0.009218755056502635,100.01745829638138,40.02182062777047,0.01369929177857308,650.0364650201576,-89.99656918192804,-9.982856090308495,850.0186021557588,-90.02190281014403,-10.012414227036931,849.9948873452983,-10.026536525722753,-9.99180855254583,-749.9152443865734,-20.16331967670272,-0.1546877374667938,-550.0010978878679,-19.9985227237002,0.08633629454283286,-550.0153683335334,60.02255171613017,0.03879706540294989,-100.04273776259808,-40.03669822539756,-0.0006629547315063437,100.01550359964263,-40.03628299813097,0.06371989643496481,100.01146826879372,40.04910307654109,-0.05626701627012791,549.9280173502582,-60.02681691624198,0.017878994389052657,750.0148123901139,-60.018181330515574,0.05786346578752596,749.984318336134,20.044799669969407,0.0678606474207403,-599.9322924526887,-40.09224386056049,-0.13764975099774743,-399.9885792681753,-40.1117748702742,-0.10947813076282341,-399.96012264254216,39.93208819044381,-0.26317303900106037,-100.04841132586793,-39.9912707573899,-0.02156990578063211,99.99305865170354,-39.962863118955845,0.03275981602796894,100.01306705579735,39.96051346423278,-0.020577855460686963,549.9162710208104,-60.080808592413675,-0.01632993768661288,749.9919374179185,-60.00012603330862,0.042009016710282995,750.0261724443598,20.03906039941373,-0.031130614239876758,-599.9813677582467,-40.01500712888918,-0.14474846355228743,-400.02992632017026,-40.05988552628951,-0.06811654138492601,-400.00774463316577,39.99242391244572,-0.312927783946819,-100.07638606654304,-40.064600252947706,0.007974184387003659,99.97552406799737,-40.064054578287454,0.10285929332605427,100.00672302599959,39.959034185244,-0.009852047009758561,399.9084747794306,-40.05628236514343,0.12651378093613255,599.9808890989735,-40.131581343726275,0.1450697110219164,600.0455677127147,39.85935468776462,0.09717242572180859,50.018409847093935,-579.9503109771247,29.96788271723228,50.00296721022908,-380.0042075821398,29.948212842188607,-29.947115896427423,-380.03101683152704,29.93541918853803,49.93875630160914,-79.97649952686821,29.99852711954819,49.932925317640354,120.02759029909059,30.05678924581456,-30.02101640649475,120.04941372892452,29.990812802390984,49.88323120492543,419.92592808596476,29.98019300897683,49.90209920693405,620.0150038138422,29.966233381262214,-30.046699373737862,620.0481317265694,30.06493051449718
calibration_00004,-849.9938887502118,9.993698434560084,10.009499441326254,-649.9983499547772,10.034220471274958,9.994676902759139,-649.9784319733036,89.98957094948774,9.959864069897447,-99.99905403811569,-40.03249772818942,-0.012819610807744266,100.02003534462881,-39.99930340481328,0.00042239142301794824,99.9512368948598,40.03914874914555,0.026783429939887873,649.9640847676671,-89.98571553368522,-10.037459459896422,849.9922566226497,-90.00560778866833,-10.014770434484833,850.0236012684644,-10.002206488667133,-10.002260329412975,-750.0053754663156,-19.972350810725434,6.838512934523658e-05,-549.9971868631126,-20.046963918701834,0.03545593263749501,-549.9933826145153,59.97621780297433,0.04476282534972716,-99.94901163743283,-39.93334884459111,-0.005104646884659444,99.98175218828024,-40.039358685835374,-0.00602661692492326,100.00999484913376,39.983495018935706,-0.021731290928724945,550.0500292905267,-60.051668927799234,-0.005917157326771607,750.0436040903863,-59.98016227489145,-0.023329674178145823,749.934798908195,20.032346239948048,0.02749894054677409,-599.9532653088727,-39.785480980964344,-0.021853925712069826,-400.05428474792717,-39.72450296076843,0.014813354535603602,-400.00625703189206,40.15601779171741,-0.007591808822744316,-100.01703922158275,-39.99078627534662,-0.006144258640895782,99.96755343735566,-39.97578306194187,-0.017909228522693298,99.97839963994939,39.99854090333725,-0.05134610842937326,549.9958496766661,-60.075445133250405,0.018932611161585802,750.020481336543,-59.99271414844655,0.005037569300916846,749.9436726614882,19.979822857146484,0.07041986843621166,-599.9377073609737,-39.74880467221746,0.0006885919341898276,-399.9966037520448,-39.69659339435495,-0.0020353823400636965,-400.0325502154845,40.221719489431266,-0.004314342110754703,-100.00567620227433,-39.95835570715665,0.027938585484914756,100.0150883660283,-39.92489462102427,-0.04936907114237615,99.97733609965702,39.967286074496954,-0.08325055028893957,400.0096945918915,-39.88642823969609,-0.04321139810908385,600.0084134984559,-39.971320334463236,-0.015613386169144018,599.996668724998,40.006647229385095,-0.11852237808522285,50.04093168929722,-580.0349874611956,29.97502251886133,49.91305469304677,-380.0823386487537,29.951917671002207,-30.035419656836,-380.0426690682779,30.011540636136825,50.129779612943494,-80.00687961940349,30.009394407538537,50.077369820574106,120.00919061659837,30.07335952956766,-29.820826509665842,120.01095693298386,30.05392006186644,49.942744624596045,419.9680031164933,30.02350926672221,50.02634985846823,619.9928644594665,30.0406750981987,-30.0600564872393,619.9713007505158,29.94294559452214
calibration_00005,-850.0130917641732,9.941056328388386,10.009768600437406,-649.9773843464797,10.023371965922498,10.002749458821388,-650.0197789816079,90.06785923644372,10.034782586744557,-99.93201987105226,-40.01590196990222,-0.01151939555370597,100.00522456867421,-40.04776449598946,0.027729262656210302,100.02333326669891,40.00998212530525,-0.03422902983406189,650.0313271673884,-89.98655409511942,-9.986393652361691,849.9582097645687,-89.98766833939145,-9.977728416426618,849.9686262366616,-10.003810266296618,-9.94914139767739,-750.0079530859877,-19.967309543388044,0.03882290567196276,-550.0006597447284,-20.09049192611214,-0.03330808636030391,-549.9450094665934,59.935619525772346,-0.09276676835566787,-100.01862925386581,-40.00985116195868,0.03054363303732422,99.98913724230994,-39.95645202520574,-0.009117631518597829,99.95589949251404,39.94575816837252,0.02915712887979364,550.0178836082999,-60.03193165739956,-0.09167167169558396,750.0037433923293,-59.98453139290899,-0.015709505659908418,749.9849317753566,19.97462826314624,-0.025609094384751688,-599.9516138464664,-40.04792770203909,0.050600747433728305,-400.02595901574585,-39.99530535579683,0.11720076191551318,-400.0474252651494,39.9316533685562,0.16740512608313468,-100.10710953547753,-40.06872636089772,0.005205004541895271,99.92465600179526,-39.92953022237778,0.09189292073208671,99.98061329991712,40.04291196481916,-0.021737531396497853,549.9930693812173,-60.02487411859181,-0.09405450937211833,749.9845599831568,-59.98852929637368,-0.0023469075030575146,749.9285621619578,19.993132927776987,-0.05822561632890879,-599.971396058924,-40.07245581869589,0.11736925273735621,-400.0264459830898,-40.0033834316389,0.07553772424717331,-400.00703732670416,39.96202955469121,0.14176375236981975,-100.06899826695275,-40.01962393002203,-0.025286676823315077,99.95087902392456,-39.977728844313305,0.049933712295327295,99.97004410596493,40.01551067436066,-0.007344325664053103,399.9984037294458,-39.80524341718602,0.2531825789520057,599.9677387853945,-39.678068046890154,0.22322497676886524,599.9090727135971,40.22527353137741,0.1850644416387808,49.98158614433826,-579.9042239112049,30.035052529664558,49.990796613999926,-379.9109026425209,29.97388480474078,-30.033858664717958,-379.99840632149835,30.12206790208315,50.10584766370479,-80.05065520979839,29.90857041967271,50.077298873781814,119.94880758986021,29.869712950547438,-29.900772739880917,120.0266120209448,29.885008860835764,49.97960491138787,419.9800704785401,30.0947442518978,49.94693996469997,619.970832880967,30.08358587541806,-30.022771357412235,619.9385071483968,30.071220859432113
calibration_00006,-850.0226110278189,10.00014663437467,10.006336721679151,-649.9931779768665,9.977212122854915,9.969500503284225,-650.0073316378972,89.98090880819454,10.02868821005631,-100.02042847564559,-39.99486551253074,0.005787491993275257,100.02241754487471,-40.02422390068366,0.002184024347531817,100.02055973962477,39.97561896635692,0.015447367319332498,649.9913689119102,-89.9868885382434,-9.98548818190235,849.9840165872167,-89.96987282708267,-9.961168277985351,850.0672368623904,-9.975365626606782,-9.998463114392212,-749.9963676836963,-19.984892082182416,0.00881793111573983,-549.9498004543068,-20.02075874709616,0.01866492362306464,-549.9447503910408,59.97600067900039,-0.04539127726920039,-100.00687528008206,-40.025433415344466,-0.0013311271067980978,100.00404368617475,-40.00727589248907,0.01492449257741972,99.97314668024136,39.987022180226916,-0.00545216632239151,550.0141376749219,-60.03258205515588,-0.04810463669745108,749.9645924147197,-60.003856043217226,-0.06496816711186636,749.9608452461605,19.98470281199731,0.024197439233713806,-600.0257785907157,-40.098882801288454,-0.04718275515109722,-400.0119668048713,-40.03723769485286,0.10308561174164632,-400.0548459273202,39.99413759721497,-0.0037682060735415787,-100.02626823333956,-40.030769966692304,-0.04076710693996945,99.95426551548614,-39.97884978794993,0.0036635103466085405,99.97681430695663,40.04949169666777,-0.01891988904658812,550.0152698470608,-59.99313359291772,-0.08387437941331725,749.9800905903817,-60.024673019559074,-0.1069082351691942,749.9498887162989,19.955706025630747,0.020601729269441538,-600.0334725528954,-40.08537380857515,-0.10562770988808505,-399.97512522886024,-40.04334315617491,0.05604009811973726,-399.98482012248985,40.039927434876304,-0.06250881366051034,-100.08979073785169,-40.02344763034189,0.018777038838496206,99.95497773382166,-39.95613966574487,0.008637965515957618,100.00125943279674,40.0567424244744,-0.029300892660880283,400.02151117945544,-39.9685803888106,0.10920143016223532,599.9379981092687,-39.86258116177236,0.18311588168311138,599.9312027541536,40.1824925080141,0.035371913945745875,50.0977265910476,-580.0203669893983,29.99829857808098,49.99295927062442,-379.9558286631446,29.972677744146672,-30.0719967189518,-379.99840933212005,30.064089081528746,50.01710936961142,-80.0216829560908,29.913984753209295,49.923740806463975,120.03890072391164,29.944789144599795,-30.037882935475288,120.07121306800795,29.98826962285788,50.13141575431415,419.99173880115006,30.014234223586886,49.86370679287985,619.9999474937952,30.004730421984384,-30.032229991827045,619.9228255945643,29.998298497663725
calibration_00007,-850.010505511337,9.985540131372092,10.038233955819788,-650.0027316454268,10.005124061034401,10.024784663309525,-649.9886723965575,89.99677031667233,10.031710482973065,-100.03060170319355,-39.997328351568584,0.05497083615312534,99.991547697468,-40.00140122334217,-0.006581462911068402,100.01799205876802,40.01341703146039,0.011930635355566306,650.0471672057848,-89.87655776088668,-9.990488122347358,850.0161993752849,-90.0055804458524,-9.975637028374358,850.0320775523721,-10.044831781754269,-9.996531983861233,-750.0346036546028,-19.923865581206684,-0.06931537762276901,-550.040233886802,-19.946117107071625,0.05128128986316744,-549.9879127776044,59.94247572649907,-0.029154915186611473,-99.99197858744222,-39.982591699439574,-0.06453818613064347,99.98706592074424,-39.98116659492706,0.02471258546684929,100.01206498224902,39.93626167406128,0.03833680650309844,549.9879885851204,-60.10226310789781,0.03725350390764458,749.929703500868,-60.030618123623746,-0.033165649465268204,749.9953317323668,20.08184314475192,0.030103498005761203,-600.0117354358184,-39.94400120400498,-0.25390601301575494,-399.96249676888283,-39.93257940902439,-0.21983355994308182,-399.9403841234016,39.9880476151961,-0.14295937707527975,-100.07170366705492,-40.01995824084556,-0.15453450167147229,99.9848252437883,-39.99422448044315,-0.010913906465155238,99.99231837179349,40.01273274611661,-0.06774839601522047,549.9752871342567,-60.10305614404961,-0.028014509199835703,750.0072541803578,-60.004366164618304,-0.005878956547451296,749.9366687915499,20.044839538897524,-0.03372871405518059,-599.9517218257791,-39.928213063422916,-0.30564501331883487,-399.9583649523629,-39.953683574442564,-0.27438302879836773,-399.93337009624724,39.99561513110848,-0.100405316692013,-99.97149479312012,-40.02024947312339,-0.053645024282599735,99.97726947900648,-40.06640779010054,0.08997069964051023,100.06006080147787,39.980098806529405,-0.05490471527823533,399.98287132834344,-39.95718910183479,0.27987968664064855,599.9334042077109,-39.95907908512377,0.3794866483982807,600.0696213277622,40.060474396193996,0.3701984368102593,49.903407589768946,-579.9649763560811,30.083024768869194,49.947591894612785,-380.05465764211164,29.96884220099314,-29.94047817090514,-379.9617787838206,30.122410817043686,50.012470441576774,-80.0818143965013,30.00247671160112,50.10143382892628,120.01198379187592,29.95312550826894,-30.001903871769407,119.95876164524424,29.89221294030039,49.9919958982138,419.8722468015776,30.0457992664473,49.91401423902583,619.9123477455022,30.002214902401576,-30.097041041161567,620.0581696032483,29.987052575585093
calibration_00008,-849.9770614969693,9.999941385324348,9.984222938812838,-650.0157022617893,10.00994730009714,10.020812806553417,-650.0188468724991,89.96611806138549,9.982371801360234,-100.00914230582426,-40.021916901578514,-0.011287588474063975,100.00691277752675,-39.976111445825175,-0.016522926681788168,99.96512885551023,39.96846156524356,-0.011412444105615059,649.9867653498874,-89.99352603495673,-9.996398817609052,850.0105096439278,-89.99659013605594,-10.044281050317661,849.9728771257568,-9.946974726984262,-9.961507854971442,-750.0093065204352,-20.00705892375165,0.06480666496056042,-550.0019649274096,-19.97741543029901,-0.03952783932609622,-550.0310814184749,60.01147906830388,6.552079367760032e-05,-99.90842345269772,-40.008219750252,-0.06457808789153785,99.9893125724436,-40.0374474514446,-0.0008242177779106408,100.02354037384876,39.96918672861712,0.05433960577598622,550.0016889701195,-60.06796744537048,-0.046468246655518367,749.9543803054296,-60.01066593391398,0.05607733988073652,750.0052653259396,19.94148932824394,-0.0018369935198903203,-599.9548826531469,-39.93568434334172,-0.28075995736740506,-399.83785713071984,-39.95169541519973,-0.159987548752201,-399.9532744742192,39.959318152133534,-0.14877016919538932,-99.919875618005,-39.97691163009878,-0.028959633458256577,99.94770296657008,-39.98058121187682,0.011668438190469515,100.06604352118478,39.945609554009366,-0.008600111224176284,549.9724801269513,-60.00853220819126,-0.04338805262650362,750.0040682217943,-60.02017742694466,0.07596120122327599,750.0142966414506,19.98348810584478,-0.05851340768840202,-600.0031179055962,-39.994311637019614,-0.2298916814909842,-399.88187692751904,-40.047264321857924,-0.18206458504274647,-399.97196803130424,40.02153906768223,-0.21556209494295975,-99.94746408243049,-40.0706374822926,-0.03988051157451107,100.09496142679438,-40.040451691557074,-0.03623614902476559,100.03995393660982,39.95028214553491,0.06107651350282693,400.0030852344982,-40.0782532042246,0.09911030445643437,600.0294135276635,-40.2042577053225,0.12310380330435541,600.0245130385259,39.849984593838506,0.0461043858968965,50.00986565992623,-579.9658462654348,29.893177415272525,49.924555517186455,-379.8847221639773,30.02156263298936,-29.978374426057233,-380.08122741806073,30.086468608220517,49.99699017802206,-80.0703287208478,30.033136098885844,50.003441451865434,120.0291944004286,29.949999009440365,-30.033264877604413,120.04858175073747,30.06843438316347,49.9981295627809,420.0524710587653,29.96413316375145,49.9782464671971,619.967598021788,29.94627447908667,-29.978052863243313,620.0023004029086,29.979969649671204
calibration_00009,-850.0352569699536,9.981907373148037,10.028872654262704,-649.9822505612473,9.97658540151239,10.01466453083333,-649.9439808344713,90.02069797373913,9.988848979509164,-99.97803018447496,-40.03415170171834,0.026838405820248913,99.98642575774197,-39.96651467715344,0.027040292796247527,100.0132266699797,40.01028951722398,-0.01780592002980637,649.9778919964364,-89.96188403064319,-9.963451137048272,849.9868557836006,-89.97779904298254,-9.95045843181229,849.9903867017176,-10.067429139500751,-10.045792795900915,-750.0149625278117,-19.96859380045494,-0.007224810838292423,-550.1058377522862,-19.969837722717518,0.055314303011592,-549.994294659891,59.96039950390758,0.05694598594461574,-100.04580035487734,-39.971443461661806,-0.10592885556104517,99.98065891055708,-39.97978680011064,-0.005913195163468846,100.03553808596895,39.96119122587529,-0.023406089672901913,550.0096910016263,-60.00422680351691,-0.029363943481470377,750.0383673619814,-59.98924650510032,-0.0044511722231706866,749.9874653413942,20.000457611985116,0.01906499697524101,-599.9754481485722,-39.8804439817985,-0.3222613510052234,-400.0363662194475,-39.79698246637178,-0.3521309716487903,-399.9983249778562,40.096859042433664,-0.23947407891020941,-100.0494937280317,-39.95172349558843,-0.06401688150667828,100.00174759532031,-39.94685902273247,-0.1149185994185708,100.01394374888456,39.912676888868575,0.02173324811249148,550.0946977729988,-60.091848240628345,-0.04996719028301873,750.0241646233161,-59.98127358160663,-0.02832025483454474,749.9296758125921,20.027295582774467,-0.02361003990432501,-600.0079965082706,-39.88590154902501,-0.36385764454281,-400.05135600790436,-39.81928976147181,-0.25339408644368233,-400.0361306786689,40.081655232625366,-0.27920286601574323,-100.02458078384039,-39.95599606472617,-0.12147799932607337,99.96582395229518,-39.97048061607127,-0.041365623363767284,99.98751337592672,39.956424963403755,-0.01574802906220065,399.98695905500693,-40.19241228699084,-0.15611869033278408,599.9895268222149,-40.18362146976448,-0.22371616205104988,599.9744126350059,39.79273587994983,-0.1259146399613607,50.008863429150196,-579.9281200691703,29.906419254128462,49.9218434410207,-380.06071938274147,29.959284689578904,-30.038425868678583,-379.93948386604995,29.927219791975,50.022652680845844,-80.0415827986453,30.04869617161845,49.876940081844566,120.06962448557768,30.138640941723892,-29.96136931217884,119.96245241349179,30.137811754364886,50.001625042914796,420.0403019122549,30.04843431657542,50.00359687286051,619.9776422631509,29.898942963481396,-29.996593928569435,619.9410775460392,30.004692768596954
calibration_00010,-850.0369932314412,10.039115199005437,10.02818795943861,-649.9718765160637,9.937002787378105,9.98893722116631,-649.971810108288,90.03463525589066,9.980238511986576,-100.0414044602443,-40.000408398502536,-0.03294519626334466,99.94835583692713,-40.0149844753237,-0.006722506136722877,99.98618580889735,40.00783673746386,-0.03501003634370777,649.96020145779,-89.96884968650538,-9.979918993335497,849.939463450912,-89.99341043214433,-9.96523650681306,849.986794610419,-10.058805465021724,-9.969972732260466,-749.9941983452188,-20.04597092377781,0.04177152179802015,-549.9986533552925,-19.99393798398054,-0.07228597056960964,-550.0609359773842,59.94638598385766,-0.030235337922100272,-99.96785221050605,-40.017409283770355,0.043549781081546446,99.95231761433608,-40.00124196175001,-0.05486586093487393,100.07255418301423,39.980805370725285,0.09619302738170449,550.0704287414262,-60.010694708162006,-0.0011511688007353471,750.0655102543691,-60.00871281047566,-0.01278847748366745,750.0677104709549,20.008042123167282,-0.08221980855364053,-599.9571491313677,-39.875906212678444,0.17751157583063287,-399.9304605217402,-39.904783340787155,0.23676015177361398,-399.9230048979356,40.080861818729176,0.36600130163379757,-100.01329631103714,-40.00000380740779,0.039288494103436725,100.04750423897046,-40.00708272730458,0.030487999561514552,100.05209815471078,39.967593597368094,0.06447031263363819,550.1125346106295,-60.04742354726404,-0.05790076298121895,750.0184950773494,-59.964835479077,-0.056811225600178455,749.9771571288554,20.022080175283484,-0.10961993788211977,-600.0159214659309,-39.86477972707345,0.15829226913353,-399.87249586396115,-39.89512549307903,0.2478597914617042,-399.9695665436639,40.066658196318265,0.38512556894896904,-99.97763954776326,-39.99398618226786,0.08930538439307363,99.95091957589155,-39.999499758732846,-0.013338371058350215,100.08592390768989,39.94054247114737,0.04592609651853862,400.02524637332124,-40.01188645967045,0.07663747572496672,600.0219338938134,-40.070661058527655,-0.048092911683547,599.9955972256467,39.87425489760157,0.09424024623378528,49.99469904218807,-580.1011598408977,29.979055391280248,50.029497965698475,-379.93344565034585,30.152452696679738,-30.003459628474165,-379.9805785217418,30.065672897560724,50.0808437800222,-80.04708947434032,29.94324643164987,50.05931105290755,119.99645970893208,29.96445042803518,-29.924201000933717,120.03914681826325,29.884563568735576,49.965551236605755,419.9776655267437,30.084971859195257,49.94736633637892,619.9923167138386,30.003702016720627,-29.933621599211122,620.0330106708633,30.036060486444477
calibration_00011,-850.0348937570519,10.01911608095599,10.048024581565645,-649.9752334570059,10.018182515748371,9.985351427376733,-649.9736134402285,89.98540814161157,10.028417436603753,-99.96890482154689,-39.963687217130975,-0.055586518208408715,99.97241869013885,-39.978248590569315,-0.014293215453869175,100.0151013852987,40.01497125088665,0.046119840563433434,650.0216012803076,-90.03940062772529,-10.05153130956608,850.0384206988573,-89.98806675706737,-9.977135388363584,849.9853414816467,-10.015474963820674,-10.020794332862717,-750.0338273203939,-20.024598445196233,-0.18871642191818042,-549.9809506733706,-19.986025586620055,-0.04977279503454493,-550.0119198642462,60.01336056120613,-0.07131607518369394,-99.9479006974826,-40.06138344002146,0.0640184158256846,99.99941930662942,-40.00885113221994,0.044271774349629506,99.975272748292,39.993230052524666,0.01593699454806803,549.8562221583654,-59.983418200415315,0.013813125288477581,749.9850016526968,-60.04077996071136,-0.016908690384960408,749.929883957266,19.9342147498138,0.10771477150299663,-599.9534109193579,-40.24632745552652,0.19930206542536463,-399.9837421194412,-40.12994901305239,0.10295579807297986,-399.9997454102181,39.80396968965937,0.05886417829992825,-100.01091849033553,-40.11509187273904,0.06942888762216741,100.01238480433314,-39.94681772170493,0.051360676188290696,100.07517206848411,39.92538609181365,-0.07461924488409503,549.8993715938093,-59.97905391122093,-0.01998594088970776,750.0323405132146,-60.024131576228136,0.007051268761793378,750.0395003726192,19.93773586757818,0.08343485464462344,-599.9451011352779,-40.21877358771283,0.16948636103726167,-399.9761633891884,-40.17696063245539,0.10221286958336202,-399.9937999201248,39.81391981756264,0.07864858597389227,-100.0008868313576,-40.153217165990476,0.07842147808326466,99.98513674333232,-39.96155064411081,0.00650970763125776,100.00918211768602,39.974303516078955,-0.008889908971641124,399.933051161755,-39.85639900515533,0.08509293646632424,600.1159528488859,-39.8878232348397,-0.042646342586104447,600.0024924343907,40.1805671760955,-0.18265199640177324,49.99438165326827,-580.0378188165823,30.021447330331835,50.00511427310898,-380.0242017263546,29.994598963900646,-29.957338487748398,-379.9388878918725,30.019421081695846,49.96308472914279,-79.99346491387202,30.059884684580773,49.988184917877696,119.95199297609156,29.933140123888112,-29.87313236856965,120.01136994432046,30.010608903839017,49.92883581159405,419.9413301155723,30.08965694796574,50.03115433067973,620.0743387189008,30.07259573253713,-30.009016163630065,620.0259375238902,29.968493410917457
calibration_00012,-850.0026375267836,10.02081715684516,9.986624086046552,-649.9776716637232,9.979343643740286,10.00717714051031,-649.9824482626974,90.04036956545603,9.984851530069502,-99.92487866974861,-39.98642834769074,-0.03407507973223084,100.03695911868827,-40.01643910036926,-0.039199395721538584,100.00328098166825,40.03905288325936,0.0058367199305759026,650.0077877990866,-89.98372700149324,-10.00034284444677,850.0393107834512,-90.02431686981026,-10.011472846814518,850.0214585290416,-9.984669061524764,-10.007567973625882,-750.027836048648,-19.98110615046035,0.0870566517406768,-550.0213706351848,-19.953594969147776,-0.07329122375129474,-550.0296516775147,60.00539634227371,0.06279106817301167,-100.06884367615353,-39.974014339530065,0.013465255097476984,99.94597758248253,-40.04414616603413,0.07237305956769764,99.93886921696212,40.01740747112052,-0.030078323083450466,550.027587911081,-59.97411183818725,0.030297346381865993,749.9891387223628,-60.00095568395667,0.02094896326355248,750.012888025027,19.944099125237788,-0.011865654953460163,-600.042482772548,-39.922363736586995,-0.16014551438647784,-399.9759525432232,-39.95790819377468,-0.001971668682477851,-400.0786801182831,40.037767228739774,-0.17976061509331204,-100.00869169409974,-39.973959552514756,-0.0008259894268893668,99.95583163989976,-40.04173644183083,0.0478140175636072,99.90624609785921,39.97324183778744,-0.03061389835718493,549.9761896602636,-60.001070700875296,0.016508778314481984,749.9272025335441,-60.00008626505146,0.013729641877220047,750.0109084640276,19.914226052811262,0.002586461685156468,-599.9751535999158,-39.95297023462403,-0.18308415469181705,-400.084343749739,-39.947468272919856,0.04835536017507363,-400.06141901370165,40.016905816229446,-0.19495962486943946,-100.096710230185,-39.98186634281496,0.008234922801619218,99.89747979164036,-40.04022447137188,0.11758839186208829,99.94007795532626,39.98336827888833,-0.007925108812480482,399.99852526890675,-40.052564527488826,0.0937901456949638,599.9242068144915,-40.05677369094245,0.16318402415041378,599.9305661773759,39.90636756964265,0.07838962896011259,49.9470058943094,-579.9120933886678,29.916179213240518,49.95078515204533,-380.03083837104464,30.044092651035534,-29.955918794080002,-380.0075896658774,29.933379695419767,49.94495780551274,-80.05124244971833,29.92476236579359,50.04321849163841,119.92423786229551,30.041013022270647,-30.01838967632202,120.00132594337629,30.02661322766541,49.99229525632907,420.01869676624625,29.95384064283948,49.92356954038717,620.0595209187493,30.05094642752765,-29.93291448920257,619.9969677736023,29.953939585916796
calibration_00013,-849.9773667795575,9.987707979430382,9.990817006334984,-649.9657207569094,10.002920361418887,10.001055725517686,-649.9986476891283,89.95859345302141,10.022954039314405,-100.00952103494129,-39.98690489362722,0.058926543256851135,100.0399355908219,-40.0406854744728,-0.014535220838585428,100.00208225754953,39.99926199199292,0.004973473132797354,649.9779678922681,-90.04008662179174,-10.01707181780703,849.9350684021498,-90.02298086709335,-9.995518930084595,849.9522186160416,-9.991063381726036,-10.01727872119354,-749.9597248493187,-20.0256376559825,0.04003785106756022,-549.9420717921619,-19.991474563701075,-0.006407331381222996,-550.0488580714153,59.96554131113542,0.007879874549292986,-99.99281641722786,-39.96824058727687,-0.0841813838783518,99.98789993328963,-40.05726758457382,0.029596330040747555,99.99551677947045,39.97464594823598,-0.04449564642736982,550.0354916226164,-59.976302216509154,-0.010010237291371824,750.0687812857284,-59.945335812847276,0.05150279887546712,750.1364111529164,20.032045662917028,-0.0020280125006297747,-600.1273602451378,-39.74585864753573,-0.38568490519517146,-399.9982866252307,-39.92573670681743,-0.2870466711573228,-400.0483147061558,40.111074726742814,-0.2893791566549155,-100.05236858311457,-40.00175566911624,0.022347800036095683,99.9812064557842,-39.967109822254734,-0.027713418881800716,99.94492100311408,40.036869802515376,0.08301391739231853,550.1204796550229,-59.97248369173669,0.027812151617822575,749.9941389134138,-60.030975913652576,0.031318265831497445,750.1555567224046,20.067285226289222,-0.029725261916336825,-600.0994407272823,-39.67676656052223,-0.32571967336006924,-400.09743430931,-39.98744977752131,-0.3522886811376625,-400.0979737240542,40.115283509362726,-0.28875145909341715,-100.0710609989553,-40.016957592085575,-0.010408682377268129,100.00582323280732,-39.93329032539646,-0.012755169962490357,100.0205351084921,40.032994191247,-0.05643398740397644,399.94630065604383,-39.977292230911544,-0.21557327293435916,599.9524980005688,-39.90140377124804,-0.14435502587682347,599.9803901112748,40.10327245996199,0.031276160184450674,49.82967786780583,-579.9439390806623,29.955161153833345,49.96323929614835,-379.98190608494747,29.97932864190615,-29.950547749115085,-379.9980995556048,29.927299895739257,49.99594024523885,-79.98506290665676,30.131313321294435,49.958073370696276,120.0681682496384,30.13673412922046,-29.90178428776913,120.03776568409046,30.106174105308273,50.05903459738178,420.044300151964,29.934825223873577,49.99364268494642,619.9891475126415,29.878969344795777,-30.054324211613334,620.0554854144158,30.01549258797647
calibration_00014,-849.9957332366752,9.985817634058693,9.970364700601216,-650.0299710350868,10.014139539502468,10.02971711677275,-650.0310249609872,90.02411785037658,9.96044104629449,-99.99155379684716,-40.003559776249105,-0.0029407122114393155,100.03907427267816,-40.042347627512285,-0.05296902959992373,100.03646236627831,40.02774094171594,-0.03409374321944092,650.0375730056867,-90.03365711610664,-10.057120103620493,849.9695787139287,-90.0202001988459,-9.972451232189464,849.9990497018083,-10.013582376201484,-10.00956959108338,-749.9881062076993,-19.97530069320934,0.018046645032427124,-549.9791110909429,-20.024783436041062,-0.04040220449457251,-549.9971330333148,59.90624779112667,0.055505330346279615,-100.05403044785494,-40.014157066930885,0.05008143360483641,100.00760193929241,-39.92903843338824,0.09784992968137342,99.96239327564086,40.035436232734554,0.06022061548567651,549.9760330287681,-59.95994928099159,0.012271696960333887,750.063389451453,-59.965502047739776,-0.0021881999803050195,749.9743504354127,20.03012070144242,0.03341499955837974,-599.9808561554321,-40.17845070725526,-0.11137014982603403,-399.9346339302241,-40.070740939119446,0.014978510143742345,-400.0738297898024,39.889750629648994,-0.018621402729224357,-100.06504650599594,-40.00093843045077,0.12401723670642067,100.00369606269136,-39.95776305149866,0.0805905653176621,100.04947001639016,39.97545164027589,0.0651577860582828,550.00174983771,-59.98043224787684,0.00772782567175153,750.0364156333134,-59.969140697639425,0.017649480857505458,750.015561280039,20.004890505188374,0.027077054861985268,-599.9974031076164,-40.225027969746506,-0.058817355512315754,-399.95517643355174,-40.01606981172475,0.002811340525698331,-400.0872927558393,39.89362671500276,-0.02046054053994071,-100.01722233186001,-40.097003460863164,0.0806101120336951,100.04671457175361,-39.99874605073615,0.0930815509004866,100.01832399450639,40.030866718909934,0.08209108584377553,399.95107366868956,-40.01616942820032,-0.028121526079152706,599.9979799159016,-39.98397776230265,-0.02978013619681111,599.9689948167357,39.964301026137896,-0.0820990867503643,50.139466710064724,-579.9588048118221,29.953264718392123,49.868294614404434,-379.9568335066095,30.013522809474324,-30.001178719245935,-380.11284745956914,29.948566483316483,49.959460513850615,-80.02163512117384,30.130931052563103,49.97306467934227,119.94512843914809,30.149177832444114,-30.07700221482827,120.06865983341689,30.00474180019048,49.96223551150578,420.0035633385513,30.072101055512107,50.06344986167903,620.05917996687,30.004423459175257,-29.93229477577338,619.9499664964992,29.915687051022555
calibration_00015,-849.997118950302,10.022794027939442,9.979336543844136,-649.9694444366319,10.087380955952241,9.956709149512557,-649.9839209436598,90.0126577666891,10.045364182232912,-100.0089970343175,-39.974964208400394,0.03200909777093653,99.9325942394479,-40.02529854431506,0.029444369751659656,100.00419539377253,40.052727995283924,-0.025459604501949326,650.0329034001828,-90.06034938518997,-9.972630789148331,849.9890904026671,-89.98534236798598,-10.079837408793969,850.0559542607988,-9.953918246696599,-9.99883328828542,-750.0277483762507,-19.980342230904157,0.016266007071577722,-550.0624757485573,-20.017091274262935,0.02272400758002744,-549.9865836500965,60.01769055639509,-0.06876653475038301,-99.9470826759713,-40.035845385003185,-0.08829319119557356,99.99930007302412,-39.97969029846772,0.003994088691300374,100.03135607459136,39.99240867227859,-0.028592477537970666,549.9661656559607,-60.00765946253394,-0.04051927633461198,749.9742636990097,-60.08914397615899,0.07940230483502914,749.9429518088663,20.023796016437785,0.0027116776310946375,-599.9615236504895,-40.161832569030366,-0.39559456361062517,-399.9511323920495,-40.08352202402976,-0.17539912772334942,-399.9973108955331,39.90409344258757,-0.287444635542452,-99.94081544644845,-39.983734429507216,-0.024252205848668294,100.04483548877238,-39.94429421212063,-0.0629794913026836,100.00409283043582,40.012431851444,-0.06380160689719672,549.9733739542997,-59.9884444438886,-0.02712216371973736,749.962874477697,-60.05126673177596,0.10992990907533293,750.0041473524008,20.01072663858653,-0.05083906210615498,-599.9916919261165,-40.14219721396969,-0.3703123452114497,-399.97529475448493,-40.10788026910141,-0.20111234406091547,-399.94396707660377,39.989755431405044,-0.27495338633079014,-99.9850847931965,-39.947517700082436,-0.034797254871334976,100.00466894421518,-40.069703164545054,-0.04553429727389696,99.97454995679796,40.01489361009709,-0.09873370846101458,400.02440758807126,-39.91979559045122,-0.13389169737387183,599.9834344905265,-39.858887967094496,-0.13279968991285668,600.005547942663,40.16800134158492,-0.10181374723910636,50.038384888213585,-579.9611756673039,29.86823307714067,50.01890927291083,-379.93846196670194,30.092985132129613,-30.035278693613417,-379.9678214884721,30.041976456250868,49.98531645271136,-79.93725103122861,30.124227583026403,50.026886563399856,120.04994372692329,30.069060962769957,-29.980967157885207,120.04736712074605,30.14853924723432,49.987143909019444,419.9944483377254,29.981274315100507,49.950390422787265,619.90168847174,29.886025118787813,-30.011637390880086,620.0690651313306,30.010003430368332
calibration_00016,-849.9714218789409,9.98853178481618,10.025983262082335,-650.014602498399,10.007340903238099,10.006634988194719,-649.9990269007344,90.0332118779503,9.97495105547662,-99.98556776064596,-40.009126320927784,-0.01470880685533071,99.98787596778065,-39.96542497634744,-0.033827778727992246,99.982988822628,39.99343400189097,0.04139697848999259,650.0059362435911,-89.97936697054858,-10.035517469035346,849.9675211482336,-90.10234379878533,-9.962326306145549,850.0006633471712,-10.034028141093737,-10.020767851262155,-749.9850233527548,-19.953144986751,-0.011509706080274558,-549.9837953154625,-20.010548741642147,-0.017918051728003235,-549.9225367869998,59.918914603258294,-0.018021597265828165,-100.00798841419318,-39.98521544567877,-0.034885230169914835,99.93451568991541,-39.98647613050608,-0.0004257355165204549,99.98202976376035,39.94459120803599,0.011588961665200917,549.997902018292,-60.102012941924464,0.0478372118557938,750.0206701805885,-59.93424599928392,-0.015205649256217715,749.988573266663,20.131418019971616,0.025413031536138782,-600.0372141885647,-39.88085663231894,-0.09300370438940384,-400.06132086490385,-39.86277561300434,-0.05183160389521884,-399.9810110520454,40.11569734331302,-0.04003756842838295,-99.98747373977805,-39.99706635651747,-0.07082501098907698,99.92916711755835,-39.98904009242244,0.05515263647414875,100.04297376121153,39.97458642645846,-0.00659531115887956,550.0740571254478,-60.04699466925909,0.012937982965494234,750.0425005112509,-59.965522045781015,-0.08662570440464346,749.9829606864243,20.070800363039904,0.036416119403971,-600.0481375367407,-39.92265566903302,-0.08779783053049925,-400.0263416442558,-39.891888837264005,-0.0685543345289912,-400.0050241704115,40.10916639905485,-0.11016497143267798,-99.97448862497352,-39.946551551074315,-0.041168981611764126,99.94193838425663,-40.0043579697008,0.09593067186484358,99.95868836988113,39.976366383375506,0.06143771613462063,399.9891558724454,-40.04931655356901,0.33488500029796553,600.0442968778774,-40.08138002320228,0.4343815023315039,599.9608178071053,39.95223343608584,0.311068375388988,50.0400095063685,-580.0157543805772,30.066072498449287,50.09182949539769,-380.13419109452974,30.019060772299657,-29.92779556993485,-380.0006939900393,30.050364756737842,49.98096875667718,-79.91944034907844,29.878658492173578,49.95999366618904,119.94057282668496,29.93210771230429,-29.953554103585986,120.04236419565696,29.934072709538558,49.911103057966386,420.00875788358604,30.023743695378982,50.06611592657335,620.0455529794949,30.062337763641445,-30.04353696833686,619.9591751290895,30.00294407888602
calibration_00017,-849.9856360003294,9.992063875330915,9.996693723472644,-650.0121000846602,9.997681678828553,9.99227335253069,-650.0734910881505,89.98643243689862,10.0719196895283,-100.02398187122927,-40.00398218127847,-0.02760910931568418,100.05151291092027,-40.00102148481862,0.05066861522542793,99.97386672121901,40.00369363607974,0.022307384338013554,650.0059700807162,-90.01188196682106,-9.999517484736202,850.0123453975692,-90.00875874716638,-10.00695801476517,850.0364011318771,-10.010418986421822,-10.052392638646193,-749.9844670314292,-19.975099652853306,-0.06254653098026747,-550.033476633007,-19.94792401104903,0.06808845094826249,-549.9455726139338,59.91336464504692,0.00489059730491094,-99.9853257762532,-40.07348299242049,0.11311809174992782,100.01436251336568,-40.05326253584744,-0.03429206870724105,99.98963067124166,39.988350878191426,-0.0826687897264017,549.9524458698424,-60.013421184240116,7.741769364576906e-05,750.0544697315001,-60.00080380146758,0.002020336810980978,749.9575826836955,20.03543141855866,0.06611044181108595,-599.963329660593,-40.27987153399062,0.4983779846093742,-399.95061646503257,-40.11541980915512,0.3415739682892758,-400.02901761750985,39.85485498308587,0.18811301439267045,-99.9837882575866,-40.06533393319414,-0.0070680816465987645,99.991165645892,-40.03586001796706,-0.03265372082977849,99.94029310655473,39.98260795830755,-0.06576229154658435,549.9514747312684,-60.00235751266793,0.04295128493647181,750.0291562876545,-59.94470076547537,0.04779949038193393,749.9378465277471,19.967687050770763,0.11542654088976975,-600.0365516950138,-40.214490275386694,0.4958896027857697,-399.9786480612668,-40.05983085181454,0.2502559800525813,-399.98939865938,39.84183102695432,0.1407518683772436,-99.95415788880295,-40.08817109461358,-0.013639172597001294,99.97370164989904,-40.03666779395596,0.06666394429788833,99.97519846200012,39.98451780287686,0.05017020641537705,399.97781093577237,-39.88345462359096,-0.11144336777527357,600.004030313037,-39.83277572361386,-0.075118974170651,599.9723969298408,40.07771014752135,-0.09383689907548425,50.02201485251334,-579.9753481594868,30.120209422047594,49.92575829002178,-379.9593063147479,30.026659242748142,-29.98044026159472,-380.05241690842814,30.001658611529415,49.94873906650777,-79.96034736017175,29.891937425009633,50.040230868609285,119.9165715376141,29.95074446831259,-30.076585157851127,119.9278270394168,29.956560357039805,49.93641196786415,419.9454651753788,29.92976592201436,50.0346899176275,619.9674533923389,29.946928272099136,-29.992102310089628,619.9664166286344,30.028576400217666
calibration_00018,-850.0117096315498,10.008371514688912,9.97640346834487,-649.9933676823355,9.998204115132957,10.013629796965924,-649.9869424765131,89.99313589944138,10.002102010797936,-100.01847610951697,-40.02235017127375,0.05168046767778017,100.0109426418918,-39.98416917176974,0.004660651204064984,99.9713129151159,39.96608233717272,-0.02970853144533574,650.0069828379019,-89.97538420144363,-9.973718890033824,849.9935663880949,-89.95113663008854,-9.960248264684225,849.9845174084874,-9.96551476919462,-10.015672126712072,-750.0349817334999,-19.9730499764348,0.03471839424637392,-550.0245459269368,-19.99147402465513,-0.017431667208311658,-550.0684466119446,60.05911944498032,0.011098375625119162,-100.00067939520235,-39.9377360966563,-0.011413450184004794,100.06549384377814,-39.99503939753225,0.013941646642799732,100.0449054588531,39.99497212236849,0.026149061923351622,550.0354511005067,-60.017465621519946,-0.027825851822846775,749.963159587209,-60.04503228165126,-0.10043172441274945,749.969173460935,19.967068139343134,0.0008173586559369964,-599.9334670096024,-39.76087429667149,-0.08436786934680102,-400.01212889686434,-39.92434830371651,-0.06913281753248136,-399.9382830365389,40.111703401366135,-0.0560586248746483,-100.03085103982633,-40.07608233776106,0.0018741663709652932,99.97491813023926,-39.87972249380888,-0.042849373208837645,100.04822741124397,39.996135982771825,0.04177615395111526,550.0636984777701,-59.98568672703852,-0.03486731468002581,750.034298541336,-60.08487413010371,-0.038351401520861,750.009370069855,19.946177852226672,-0.020326785722911828,-599.895268202769,-39.84975621244911,-0.0405285188844089,-399.9988356638721,-39.96043714300588,-0.09684258908550263,-399.8831880635969,40.113591842884304,-0.12660337629227067,-100.00187737839381,-39.9884934093881,-0.016504441108761314,99.9604545721954,-39.95289834711941,-0.030426199047181482,100.03140136151727,39.98630712064573,-0.016160957016457242,400.0552722344224,-39.78933163860186,-0.07432534590254647,599.9973737104688,-39.74461535718984,-0.144906327784185,599.8864021550554,40.291691493902526,-0.008188766319137487,49.83720461949973,-579.9968581549942,30.05131031676565,49.940725591770004,-379.98755334858936,29.993171858860045,-30.080599891978544,-379.86725060673643,29.90921211466031,50.08059709088156,-79.97636055773256,30.094067198997454,50.09456959965327,119.93240895526975,30.01562277784317,-29.863306781834503,120.02796561382776,30.030183144995465,49.952576551715296,419.9714934112537,29.88643182051747,49.94638488714356,619.881741729641,29.963851973640484,-30.06209732481204,619.8101331588097,30.019307053931946
calibration_00019,-850.0328365618283,9.942762299666674,10.079279559908324,-650.011973296679,10.00557061986062,10.04037036194819,-650.0148077677458,89.96097874084,10.031839270578146,-99.98716156021767,-39.9700993852394,0.0026812512371392613,99.99521430246003,-40.02323510887933,0.01180953275513411,100.02039083853515,39.99407543390952,-0.04383381346137128,649.9223039591467,-89.96085188174469,-10.020070409441074,850.0346335433253,-89.97284262233447,-9.984883404367084,849.9846260488379,-10.00199874883467,-9.9622143431402,-750.0378185557316,-19.909617825261716,-0.08659213835110077,-549.9832777628719,-19.970905149083414,-0.04395719405822443,-550.0017518709411,60.09387440093185,-0.010728674441765165,-100.05203941951883,-40.00780592855127,0.011829355160662275,99.96962958369603,-39.956215335722476,0.01254301147949798,99.96987873418671,39.89371974548762,0.024753465643586377,549.9991708198928,-60.09344532817199,0.025542191406658716,750.0592839582017,-60.06662838896725,-0.03358272759447743,750.0879860643855,19.996596953523877,-0.005500040726286391,-599.9883807267132,-40.02954738285246,-0.010240300060459201,-400.02804859395803,-40.05974178167045,0.0748465338594677,-399.9223268507951,40.02509164676762,0.007348333714822606,-99.9948719658564,-40.01831684765131,0.029335377004218312,99.96604975783771,-40.01101165713279,0.022918814123739015,99.96125293151727,39.949687884659006,0.058074102914670994,550.072731619647,-60.04328217778264,0.012359072893657307,750.0423788504922,-60.02544867795182,-0.07272837737859998,750.0682753344757,19.996434594641176,-0.03777363888112355,-600.081494533123,-40.03312774470648,-0.030149639488720098,-399.9834620588129,-40.04719622376918,0.05268751328171739,-399.9413745700221,40.052555352245534,0.00020037439923790978,-100.06748757700288,-40.03912744845774,-0.022528650956158185,99.9280326972067,-39.96764479627306,-0.028016844585712644,100.00998296773719,39.983363361828296,-0.03771168932175712,399.95401675107996,-40.02944442436614,0.004153195548714822,599.9722158005933,-40.047411950461125,-0.019073689161763056,599.9554316717985,39.93510058129573,0.10463218639601594,49.98107241467026,-579.9533264375353,30.026669408449138,49.939519034945306,-380.02264719081234,30.01779251181188,-30.01347915326281,-379.9099753646289,30.027861599019285,49.98157411549743,-79.90122197434742,29.946585963854925,49.91841390215563,119.92160167893455,29.966945546370205,-30.036919715067118,119.98892925292374,30.000107223873506,50.040793588181025,420.0215577676743,30.04761623863959,49.977832157299176,619.9813030785807,29.94228202539109,-30.010343638531378,620.0080156911891,30.09409045491343
calibration_00020,-850.0136064678741,10.024334439941532,10.025199908408435,-649.9892669942589,10.040329508643653,10.067545713068444,-650.0082658849982,89.96612621449637,10.024816053447505,-99.96477166893091,-40.01710667522814,0.016054695258579502,99.99352781798312,-39.99322722942266,-0.019802277135846518,100.01917423688307,40.01046494972963,0.0030755582901206605,650.0138734640432,-90.02076660698211,-10.03931229630957,849.9976643833198,-89.9467979526321,-10.015516540074252,849.9753224404975,-10.017703330577946,-9.998634484868056,-750.0138993456817,-19.96702906216356,-0.027309278671752354,-550.0139721751266,-19.96727986257632,-0.10144196682383369,-549.9336356463531,59.940908145614614,-0.05992120030969748,-99.99014468312842,-39.93944115121377,-0.03340554244397501,100.01634207527336,-39.97546891701377,-0.014081989128762497,99.95874786483124,39.99593983524461,0.07076296215361791,549.9818992133435,-59.9745355164183,0.05044076047493573,749.967593517255,-60.00552385847154,-0.05504483793532933,750.0371852990111,19.97570306444952,0.01704972961455553,-600.0125251389443,-39.92942955474669,-0.13091068303788933,-400.08132133664725,-39.8629628049378,0.018667351369502993,-399.96296943587464,40.11342359799522,0.028354875082008957,-100.02217733279954,-39.936738869596375,-0.0890262554161303,99.9778114401222,-39.9926681521557,0.05786018925410426,100.02910822739014,40.01614027124919,-0.021489656948269868,550.0434817333578,-60.03266054871434,0.11328652838352549,750.0081127262775,-60.04287284464958,-0.033530755860999836,749.971511688121,20.08403142280006,-0.020160213413935667,-600.0203180570347,-39.93553826078486,-0.10265461726379982,-400.1372997136867,-39.84582294610895,0.007173292496911512,-400.02193858893014,40.03756557985753,0.07766853359482065,-100.06095587974443,-39.95749271258708,-0.008215566193456467,99.89798782974586,-40.03407601021255,0.08653943569306537,99.96998139782082,40.02474613079347,-0.04002067463192402,399.97592308430194,-40.08896754637164,0.22472294532048395,599.9633994303223,-40.25943386077561,0.38537379059085625,600.0727205749779,39.821420404846975,0.3605973120109748,50.109994057741666,-579.9331677734839,29.971965702890973,49.94057761220488,-380.05408303669526,30.06929635317198,-29.95907626033672,-379.96482443682595,30.076622088202704,49.96702448871207,-79.91334476547992,29.882195810478724,49.95501018188073,119.95712265676174,29.915709733521695,-30.064636234615083,120.08482397050491,29.7803836921042,49.989956211447875,420.1104709678718,30.091313927728955,50.091892084830654,620.0237054209135,30.12994821649168,-29.96231125665114,620.0258223620334,30.056048517690368
calibration_00021,-850.0295385173254,10.020641270217439,9.976688259532171,-650.0165559843695,10.009775519927071,9.963201303412404,-650.0208637422438,90.03375096271881,9.991493412796789,-99.98314884222476,-40.006125274972575,0.012504136161871232,99.97960280037694,-39.98093117453213,0.005239200304443004,99.95828937136402,40.03847723754681,0.014904625094023268,649.994016243971,-89.94644577001088,-10.024965890705042,849.9834312911416,-89.95907538661821,-10.078632304904154,850.0147470467417,-9.960120634450686,-10.000802699176612,-749.9988983537589,-20.036001895005594,0.08107301107623706,-549.9223484794084,-19.980843810849375,0.019074621885938156,-549.977918331112,59.99488171771332,0.005596916662053284,-100.00738130292903,-40.065824320389524,-0.03190152042060836,99.94500551347059,-39.99429041651158,0.05573523050093593,100.02166003680021,39.94795396845864,0.02017895030891158,549.9988277670597,-60.061394329822555,0.022506393316147816,749.9685196284765,-60.041402184015034,0.10145030929099433,750.0056917838556,20.002152677001277,0.033386797776390066,-600.0287452530246,-40.09442789505871,-0.3222266804290755,-400.0247009868509,-40.10466726967706,-0.18484673250265415,-399.96553713355956,39.831334705027515,-0.16535462031694415,-100.00994613949695,-40.03781144923845,-0.02540522553036811,100.00324701041758,-39.996216629044035,0.059821958351591056,100.05457517356626,39.94904080707249,0.025798537510636294,550.0120521374317,-60.047362349434714,0.03391696003359922,750.0007012829948,-60.02900222095054,0.06603537106711488,750.0098603092172,19.952345964927837,-0.004814026560339087,-600.0746517165172,-40.05050461850264,-0.33322356498549877,-400.0478914244514,-40.101130898592935,-0.1532872377205362,-399.98426753594794,39.915253512280735,-0.19456884241348285,-100.03991212568428,-40.094213522936734,-0.06650408921301344,100.04595925766212,-40.03644769074571,0.03304141224601696,100.01694807628114,39.91211858171305,-0.0013820424527098626,400.0231895426731,-40.08348852557627,0.12718890173232525,599.9704283277377,-40.00365406030305,0.2792354683138082,600.01063458438,39.95565044916907,0.2605361229169369,49.99413413679098,-580.0512463458839,29.97937479234341,50.084790097476834,-380.05613792011195,30.07540622386382,-29.947535920390045,-379.9548300476997,30.02575341572066,50.008783030861935,-80.01574660520936,29.973315589131047,49.96091530977199,119.93696081753538,30.025153349746283,-30.03326346327379,120.03036888978116,29.921167606506827,50.03456981561693,419.95358184167907,29.96848906935629,49.940004649045406,619.9660595055897,30.00911040484867,-30.021234096032785,620.0128706186157,29.993265671367855
calibration_00022,-850.0395594043085,9.979631512777075,10.018216912323545,-650.045205249181,10.002633138230113,10.031023120502113,-649.9818201086254,89.98047493173323,10.015678537861131,-99.99586820972934,-39.990992393441175,-0.012116210824150467,99.99345628525948,-40.01199778996114,0.04854803665579371,100.02164063217865,40.015200002519485,0.04817665312471726,650.0229460217988,-89.9855397291182,-10.027465532111338,850.012658756719,-90.00325941535566,-10.014743994880101,849.9547671023213,-10.020795480863036,-9.990062363429004,-749.9189583507392,-20.025489695517265,-0.010940974374075313,-550.0004557396593,-19.989128956130948,-0.0582474587168944,-549.9824894324792,59.987959310283024,0.014874145317135996,-99.99200151676902,-40.0065972244684,0.03391572829922077,100.03417737840684,-39.98876841124295,-0.01551062521403071,100.08466613831885,39.96903407993529,0.015126335573126853,550.0311082969711,-60.03032440024546,0.01950303673246555,750.0018104177819,-59.9981787797629,-0.0032871146371272614,750.0435684634014,20.074372617454507,-0.07071716928194341,-599.8936721862717,-39.95206646823995,0.13215518210002286,-399.96581930211596,-39.92554372541306,0.18241250422462424,-399.9774136807642,40.02641204884543,0.06820802741833439,-100.06369186826011,-40.057518580421565,0.01417268063965121,100.09962891024561,-40.04632968293719,-0.0671649862057014,100.00644057288135,40.047319464825236,0.0673105869866275,549.9742621926317,-59.963862161283274,0.04235458513786942,749.9884735491386,-60.02746506076751,0.07763458772975548,749.9498052749337,20.016345080614197,-0.03993610060865875,-599.9557820276534,-40.014539151462685,0.13675223566321357,-399.93775224602444,-39.94687935820416,0.19690084832590657,-400.01673584534495,40.12155307152042,0.07198863433333903,-100.02702750474407,-40.01336818594888,0.04592143618500172,100.03442079858084,-40.026324172839175,-0.07416491987056496,99.97037939456281,40.034032445542486,0.008462700126369037,400.09315058764764,-39.96526764904421,-0.2676009869092181,600.0570608863779,-39.878659330652766,-0.3727069018069014,600.0117379896409,40.128349731560704,-0.13057717850073813,50.01936471747598,-579.9680142034839,29.968548951536036,49.93652746768142,-379.9663049979754,30.076828611850015,-30.064811747790795,-380.0010650732713,29.811497350261284,50.11641598113546,-80.01721198867718,29.99478905730941,50.07191088406452,119.99837337814702,30.07769170659044,-29.998355329869273,120.00658947214876,29.959417703108905,49.96065405924074,420.0402949823811,29.941842045222398,49.97152484903358,620.0318520619003,29.926553627719017,-30.03242167655511,619.9952644639936,30.09411046039768
calibration_00023,-850.001574812565,10.071655602415492,9.956967161578907,-649.9993453569265,10.019577082077765,10.024973414464379,-650.0491169541349,90.01397004189127,10.0108337983321,-99.99401882931723,-39.97826420035657,0.03867485618564962,100.00490948910159,-39.999057076681126,-0.06498380103652482,99.9840423728172,39.950394350178215,-0.039658661151079216,649.9426869554892,-89.98299687947576,-10.00478245488449,850.0026585173706,-89.97212164845632,-9.97112764632297,849.9966224764224,-9.971346135518793,-9.99045967376657,-749.9342137379003,-20.09420088823929,0.04533582038806265,-550.0257501289057,-19.964783449304583,-0.03555905854525254,-550.0137012493806,59.963129744158046,-0.012323853288630674,-99.97887892225161,-40.10438296809307,-0.05333866080596554,99.95252859616441,-39.93809486502592,0.07984624887308825,100.04060096069757,40.046620639718704,0.05127885501115031,550.0959024748363,-60.010087387356045,0.02245412672528055,750.0231231071534,-59.995471675729206,-0.011714798665094856,749.9819179081924,19.93192494910756,0.039682623815937346,-599.9513162652369,-40.319196100327275,-0.408366741435065,-399.9780578254895,-40.35732580496664,-0.23606764292768836,-400.03492046111575,39.66279207460803,-0.28155987242371444,-99.99166777545766,-40.06944148988162,-0.009437198768237422,100.01828948048167,-39.935444537038514,0.10160398538043969,100.01613169913657,40.01016577677957,0.11977515547518457,550.0826345494132,-60.02606948924235,-0.036666563767796645,749.9653006514789,-60.00234771416135,-0.08381915575497129,750.0133994189697,19.90842518269747,-0.05122751265000008,-599.8945122701376,-40.3187687251762,-0.4606834353855728,-399.9659124056776,-40.31889109374574,-0.21171364283657276,-400.02778167757407,39.63391918118127,-0.29224683050005024,-99.91037598674333,-40.15663045773884,-0.0583321341218465,99.96607146473279,-40.01581102965204,0.04836539754092901,100.0898831301915,39.99318605094922,0.03240373860399543,400.0379396667863,-39.78388602628599,0.31535515157316857,600.0801877381817,-39.688196941918825,0.45786198396249383,599.9971446661502,40.26529068829204,0.4098548592574803,49.95271898862876,-580.0467753711658,29.916564555395905,50.04171354601607,-380.055962252602,29.98358286171664,-29.94958829061012,-379.96136077313366,30.017627714914948,49.92510626344091,-79.95056501591235,30.05473118845923,50.02142729322936,119.91593485063028,30.031606473448427,-30.027536217878243,120.03174158881153,29.929862673542228,49.98540601599419,419.9739597983896,29.92151360383524,49.993524964595125,619.9608053729104,29.95391975066397,-29.97946865020299,619.9199928776818,29.992822085454165
calibration_00024,-850.0338868007424,9.97723500599675,9.998941899213895,-650.0095805806837,9.999659063081806,10.014156835249558,-650.0589956952174,90.00245109128029,9.968998574272069,-100.02481998179601,-40.00473925230987,0.02058107135378008,99.98615890196082,-39.956503895617544,-0.015910956915509894,99.99958406449126,40.00438293278122,-0.02678811705806778,649.9644169537756,-89.97451534525398,-10.011507280720409,849.9889639364103,-89.93183674274891,-10.006287504018596,850.0115680700887,-10.008215324588688,-10.024813717632679,-750.0419375390826,-19.962959127757784,-0.02767282516199957,-549.9549056179034,-20.01905870365225,-0.033630123545418826,-549.9881358436542,59.97095045072379,0.03525039242179864,-100.00669584593473,-40.036192548191465,0.0065872928231187,100.02297457755412,-40.00353153274211,0.021264614172131303,99.98944497866293,40.05485127399883,0.0784220615243012,550.0370974574778,-60.04839969101134,0.05685455147338775,750.0026494956043,-60.0428419925055,0.06077533934227621,750.0040075800947,20.023327159213103,-0.000796703854317079,-599.9278291537365,-40.21404640523158,-0.022190315113735072,-399.96640534876,-40.114610306376576,-0.02878003634924134,-400.0638270926401,39.87399618437975,0.08520499218469146,-99.9482906300974,-39.89984449721266,-0.020844963327811973,100.04221359883611,-40.08630801614903,0.0010863978118017328,100.00135384366486,39.93892832668288,0.058984444388164435,550.0182969869674,-60.013974420983985,0.01249306529704694,749.9280846948911,-60.01541310527297,0.17681352661970487,749.9977581242205,19.93369388146803,0.05795600472849154,-599.953949536628,-40.222459229108935,-0.034980648246908004,-399.99051245640584,-40.12724624503725,-0.031626546313553494,-400.0690368771582,39.92100673917189,0.09710770538351236,-99.93577175361132,-39.88667085333918,-0.04741169520122261,100.02881974099704,-40.06394734614257,0.038249208561668316,100.01222490408036,40.046519169152816,0.0631370291355942,400.11551730798993,-40.307014066852744,0.014743068946338197,600.0524239912577,-40.41456785396548,-0.0005616044907097717,600.1007008562584,39.61821756629675,0.10004758781276647,50.18488550281824,-580.0087711376848,30.081584853750964,50.03535000030891,-379.9465967711005,30.021870242843466,-29.954509113522214,-380.08616048361085,29.957972846701864,49.809525140167786,-79.99261197428926,30.03623590280292,49.89008389047757,120.06002799253078,30.023869443968405,-30.218510773399387,119.99574878601796,29.975653374198085,50.05657723849275,420.0638559268217,30.014613606374127,50.130526136123244,619.940915148541,29.85949483929168,-29.921681083336818,620.0402053660852,29.929882119666743
calibration_00025,-850.0393003357655,9.969607698926643,10.018714652344775,-649.9959735088406,10.084464601030263,10.009149016428811,-650.0214572800569,89.97994618924157,10.027592804922163,-99.97138124431635,-39.99540382608014,0.03695589686890715,100.01431907537057,-40.024289184076046,0.034501801596029294,99.98817745806991,40.03324344789607,0.009864757102849047,650.0372928399834,-90.01309249563272,-10.032272830244045,849.9990837980089,-90.0062053372406,-9.965437159863763,849.9388073650086,-9.97485216557897,-10.02441325477977,-750.0359051183684,-19.96153875574502,-0.021463775004914185,-549.9694565026193,-20.00175697420856,0.010053896501033877,-549.9700916629417,59.992526459321745,-0.005916442217476676,-100.02496641731103,-39.939234754447995,-0.03694929316254529,100.00477469189069,-40.041667516579,-0.03466176121961617,99.98661066755032,40.072802894109955,0.01981181428033301,549.9490563136889,-59.96475933790169,0.0344473222776258,749.9784455525667,-60.06748687853734,-0.041929554900474925,749.9809041683835,19.998318388091107,0.045826315405083924,-599.9991283354185,-39.87127147433321,-0.05678998758270989,-399.95709480312803,-39.89164761005916,-0.14232033055175386,-399.90538866811534,40.1306104952182,0.01567609719062082,-100.07610235696292,-40.05760908632402,-0.06570182462644779,100.00681616957917,-40.02423425219117,-0.03328350518029028,100.05411629610875,40.05689763175002,-0.006218212153899477,550.0001586670248,-59.988831443830236,0.10244307156640264,749.9969222474526,-59.95036369186363,-0.0301813836736923,749.9758748057557,20.051425565516077,0.041421275023837335,-599.9827283414323,-39.844847872777635,-0.02921800379618864,-399.9756062195171,-39.856879944124465,-0.07961274357948268,-399.9820881736421,40.064000249284824,0.08833077717657328,-100.0719393728862,-39.968008649872324,-0.1050265209225307,100.0438336424584,-39.966344689079826,-0.09861373444824754,100.07166383394994,40.019766262236836,0.034970655705196446,400.046153933351,-39.93287564910703,-0.08293597844570676,599.9887988294853,-39.981407622443236,0.08349148785898207,599.9997582224122,40.05316948455664,0.009354685135251603,49.94423505254203,-580.0970618764163,29.982260590844696,50.00629445710474,-380.0056014634937,29.97023580879133,-30.024037767210373,-379.9764797807649,30.050223785481,50.06397004452909,-80.0239070170081,30.047106310920338,50.05159965278095,120.01963940192864,29.91957659234104,-29.99112145494337,120.1144260126825,30.00520097833774,49.95061530473984,420.03730784675787,29.97273047739119,49.955298998027,619.9721581217183,30.098504789953054,-30.07018699625817,620.0591548970225,29.9851486206903
calibration_00026,-850.0264679791787,10.001614214344546,10.015055298006036,-649.9714031031456,9.913182526680462,10.002539627608055,-650.0451391315427,89.97139129648497,10.008598335753637,-100.00952208210381,-39.91469586212007,-0.030197643469468793,99.9591098981207,-40.04260817277585,0.045997736161443224,100.01811649599479,39.95969300767526,-0.02112503326121585,649.947955862072,-90.04200942817178,-10.027500641169452,849.9889925826295,-90.02026843099685,-10.042504265999723,850.0186029655512,-9.98089363371541,-10.011209603964854,-749.946497095705,-19.914071178113517,0.007085498351497837,-549.9644722873596,-19.970671827986905,-0.0712657682696149,-549.9796762072738,59.97578119460007,0.03367560344659323,-99.98133260259081,-40.01738660160199,0.05614092302929474,100.05723519088153,-39.945599386035994,-0.03510880786760536,99.9904941278258,40.049878471154166,0.010422121746869937,550.0217677793745,-60.00883764477995,-0.008242407122539434,750.0456770660988,-59.976263483029896,0.04641391182331842,750.033624272289,19.983053494072397,0.010071580433875646,-599.9451638054823,-40.2598509381207,0.25012357227487303,-399.9941565419578,-40.10787360391614,0.2130255210317088,-399.9899347079796,39.85775693957451,0.21146005261394502,-99.96868518523141,-40.03655376950645,0.021103116740438205,100.06371479979047,-39.98682583247136,0.008201490246055909,100.04240302961337,40.02417389017164,0.015516894061387967,549.9759178027209,-60.03515503150261,-0.08133782203811805,750.0480141601982,-59.96686021348591,0.0520482122776494,749.953387779952,19.99067968706598,0.022933945002616904,-600.0083236757439,-40.25104534780684,0.3077872508892092,-399.979029674208,-40.07876542018299,0.28159215192742176,-399.96196728363054,39.87152787215543,0.15702546143557156,-99.91870456018569,-40.09720382662208,0.030157347645783934,100.07105430546639,-40.02605924574427,-0.019153662691949427,100.01156771053482,40.041610623294794,0.00666316110092278,400.01630228637856,-39.89031206519151,0.045456502668538186,600.0834874734057,-39.827422401463565,-0.015849744811926234,600.0589985222091,40.1043809112696,-0.058643299973172795,50.07053229505267,-580.0439231866768,29.987514062671885,50.00172949161398,-379.98074563470675,30.01649944547159,-30.061805115635273,-380.0686332569423,30.04653136015899,49.98844971414245,-79.98379825555628,29.891662885854178,49.95412978961957,120.04431350561741,29.907183603037222,-30.113187130784215,119.99780512143353,29.98958696005142,49.9591828942748,419.94009997371484,30.00985286355004,50.046125160763175,620.061122329138,29.98217845882366,-29.958157173543096,619.9866165181438,30.0570089538174
calibration_00027,-849.9989283599565,10.043116231454839,9.98724335111013,-650.025097834515,9.963876647581877,9.981100119524589,-649.9604163389471,90.00074247744182,9.990115812827952,-99.92359007147435,-40.073385576784254,0.029305880056563045,100.01974388814388,-40.013494438651165,-0.0684819002851527,99.97171241000156,39.96849035821741,0.0013686464078157305,650.04026625301,-90.02106310589983,-9.966471186787523,849.9971126238769,-90.05431299121128,-9.999026732962957,849.9963555386315,-9.976933852362782,-10.01134170305279,-749.9927746363045,-20.039903703700798,-0.02047265156879221,-549.9852723681029,-19.96543084899361,0.024948765678499074,-550.0454334078887,60.023506452010764,-0.023007890218938086,-100.06211854956713,-39.94532736720283,-0.002135373858642828,99.95810246652545,-39.9890582707972,0.03498189423346052,100.03012114373142,40.03096432642606,0.04112207948215424,550.010740340428,-59.95648348416319,-0.013685847131956964,749.9983320705411,-59.994906673675565,0.014546032608609333,749.9596826153283,20.009693159740593,0.042689618250902235,-600.0116803706284,-39.784840284142746,-0.10651296517243475,-400.05506565007914,-39.86064451279769,-0.03150211204724874,-400.0090036179685,40.1665911308445,-0.02820971991218181,-100.07992317302528,-39.940504616188804,-0.0027870123490915805,99.95322785144744,-39.943610857424225,0.04994704124517027,99.95530796759736,40.02830961785837,0.04974339696866556,549.9449293998092,-59.99152005021867,-0.023391126307055303,750.0330374309809,-59.98193200206908,0.09292419160082072,749.964530159457,20.042769237774376,0.030129696669123792,-599.9734234058058,-39.797350963403,-0.18102892785674468,-400.0615240749099,-39.81082517254088,-0.0727783816216337,-399.98539676131696,40.21233492648969,-0.012332434100592076,-100.05108974843554,-39.919154795200086,-0.010119854256157645,99.96462500403932,-39.98727840526827,0.07326704781996099,100.00076967050482,39.969736202997844,0.05105083187083946,399.8898452182462,-40.046211725782555,0.12387356716262302,599.92605759819,-39.99374617950775,0.04497336661569978,599.9361182946506,39.989219570125535,0.15933336521864258,50.0073061538212,-579.9508463568376,30.01172059140879,49.99700603079917,-380.0231613943809,30.056431451501318,-30.08393698475748,-379.96629488166946,29.958892806668786,50.00254890940187,-80.07331332896587,29.970879704802023,50.056793694625675,120.03857445937291,30.13534997288936,-29.88539637618846,120.08648526653134,29.977635514512638,50.05900517347562,419.99670203600937,30.110139376207528,49.92556839260793,619.952725686851,30.053621094195503,-30.06709076591846,619.9642980895,30.001355542548783
calibration_00028,-850.0384028564551,10.017318035905813,10.016126751937064,-650.0337599804353,9.990377582049195,10.019823920958855,-649.9587436226753,90.03578834943337,9.951396844529048,-100.0079239911451,-40.00714264087986,-0.030684371260783598,99.96909490002841,-40.03712956239859,-0.038927023994167566,100.00193247716115,39.99257528695026,-0.03921661410067947,649.942739911093,-89.96172197903856,-10.035883753258808,849.9900978963622,-89.9919120411035,-9.94464227097283,849.9799585617407,-9.98857347065595,-9.936939147195192,-749.891537839706,-20.011036869822977,0.009353343620637505,-550.0423494035026,-19.979779815665832,0.0705825556340199,-549.9633077879648,60.00178119872694,0.03962861058661078,-100.0316258647221,-40.04426309061548,0.010294307245163352,99.94946826925965,-39.95649469447576,0.03969247001237523,99.98161129440335,39.988675796491364,0.10337764588063506,549.990316142371,-60.036885297932685,-0.054048031041140865,750.0548671890841,-59.91883599964382,-0.09347092133787961,750.0969496899422,19.976516357847053,-0.11600394290371005,-600.0384365520445,-40.147287600428,-0.09360328049063785,-400.0488849435912,-40.14229540298895,-0.09866147781095061,-400.047159051309,39.88742670998188,0.02902069026339542,-100.02192886883162,-39.98835034366926,0.08483043170413411,100.0543159566197,-39.974208262573164,0.03762271347941584,99.96393716452394,40.035449933013886,0.08310050267224489,549.9115887672103,-60.046963079628775,0.07288776259266727,749.9695205776079,-59.94862542472106,-0.10257730044906359,750.034631937115,19.96087196882456,-0.08910904826956335,-599.9404366784148,-40.15071719765243,-0.008272145304940986,-400.0502348819071,-40.13619905502283,-0.05485281697403496,-400.00569252385924,39.90236400979732,-0.0031292854365720206,-99.99650013852258,-39.98654567313739,0.031616824640613356,100.03740725691772,-40.02531083322575,0.09515416026667618,99.99903636514134,40.07125211140629,0.023417598819557364,400.03601170917716,-39.91808830612487,-0.013556995080450576,599.998247101755,-39.82615969245378,-0.13691910381068656,600.1126705303764,40.14867284629125,-0.05012163935267348,49.999226111895624,-580.0242130305405,30.00933506044251,50.03218563372791,-380.11218262548823,29.93933576073508,-29.94267533153289,-380.03358317384647,30.044110347237666,50.01657511234052,-80.01535820939516,30.035207613000427,49.98125140784553,120.02474978578445,30.09000385121082,-29.998774609327363,119.99592347422518,30.080471527389133,50.00888576416361,419.92681208364957,30.005202183861194,49.965478802997616,619.9570780966449,29.938934172282746,-29.968880126068097,620.0975078610209,29.991413893453945
calibration_00029,-850.0391344861141,10.029064042820798,10.00649069179633,-650.0085622080289,10.03949951274027,9.982310580665567,-649.9592704194106,89.96358710767943,10.043060238509415,-99.95886856527503,-40.00971179293445,-0.029001984440719986,100.02555396235475,-39.97918839462328,-0.021228654821622932,99.9409198861224,40.049835016490526,-0.010540382244595789,650.0139638561608,-90.00404709029773,-10.00222447618129,849.9739848847902,-90.01337618459678,-9.988734388143994,849.988881616824,-9.978485163259807,-9.981356189403703,-750.0292766001726,-20.06623044864299,-0.0004291583368027565,-549.9743358191371,-19.966639285374317,0.023348639642787362,-550.0371998788202,60.02938617843704,-0.05477937941310133,-100.0303138686464,-40.027200773690296,-0.020539541112924796,100.03630872048213,-40.08081565545653,0.08256928790209359,100.02286097062907,39.95902084308031,0.015687305774295494,550.0009542707286,-60.00287885960938,-0.007123265660762053,750.0584654421075,-60.00615179465932,-0.037759471783330625,750.0372487219855,19.946740893831024,-0.059081304275676594,-599.9983302711851,-39.93031046466529,-0.26698685815330686,-399.95938349495634,-40.03095915293337,-0.20448537494652755,-399.9403319748023,39.99948463919894,-0.15238655902102985,-100.05878545071883,-39.95508964651864,0.03345423184284851,99.91057148186682,-40.00946935113457,0.033986205225817606,99.99301336783797,39.91976034877154,0.052842288877675794,550.0211484761566,-60.03282306966389,0.007005120062811657,749.9948271874565,-60.00718155818411,0.047245146261346384,750.0562637040198,20.00285303119249,-0.03891916547898887,-600.0499379175811,-39.89612774216056,-0.32660550321667264,-400.0207439153467,-39.96277547996327,-0.2036209711232124,-399.984168516567,40.03504300460249,-0.24606595685383081,-100.03547002744904,-39.969396116002116,-0.00010124060913403038,99.99994213509977,-40.05916188516392,-0.03569285338359075,99.99773047572577,39.91744050365047,0.025651318901761838,400.00487108603573,-40.1836538680471,0.021758170509022567,599.9208717028855,-40.358540416122075,-0.028527252468556485,599.9659245766946,39.7031792195696,0.010892781349940081,50.06102686076396,-580.0658743615128,29.936668046557322,50.15716466785097,-379.9831109487082,29.97785657313381,-29.905988318260444,-379.93246130523204,29.93784759473735,49.84160500106689,-80.08085172279205,30.077709997566455,49.91604893600607,120.0577463192208,30.09547565671944,-30.07083036432112,119.97420079551856,30.036938991990333,49.98376832741618,419.9668929912919,29.98318817039946,50.01083718456945,619.9432451178534,29.908036501308768,-29.99747281144121,619.989865733244,30.023109427413644
